energy_cost,years,tariff,estimated_savings
995.0902354651738,4,0.45436817021518106,1808.5493179492187
300.82027664007444,4,0.3301933144400017,397.3153767781776
299.3321849659153,15,0.183845400165161,825.4626799105603
971.7219547390873,11,0.22854214599521722,2442.873629314122
656.7378815899957,15,0.2765924205892674,2724.730805424669
468.57778682286073,8,0.187256718019015,701.9547079765005
190.1864607105254,19,0.40371391724304756,1458.8375001407062
382.86741995197747,20,0.33012888668476154,2527.9119019322675
893.9709212304226,18,0.07882910793554622,1268.476744336428
435.8593971617191,16,0.17447287084023771,1216.7302448880077
150.5301999289558,16,0.45661771692672004,1099.7560995213203
385.7850030122336,10,0.18787835787861612,724.8065286013542
239.52866218907027,12,0.22050968026905132,633.820664575026
644.3431142026109,13,0.492379979392463,4124.40144080584
215.24040783975093,11,0.19328396793261238,457.62772095370906
334.7691484372808,4,0.10431626155113832,139.68746419054094
396.96826307811887,2,0.4730182376383923,375.5464563991709
449.5418792862273,15,0.26832701056232006,1809.3634288716107
635.0155774479612,10,0.24164065423128156,1534.4557958158039
158.18425674839332,7,0.4366553319053143,483.503993928656
534.0753111721951,4,0.2113008737374033,451.40231956904154
597.5810740161405,13,0.26948532567430244,2093.511294524508
128.41105232974022,20,0.2716572733090562,697.6759267728751
679.5072897069861,1,0.15161219953855226,103.02159479495641
357.4705636356148,15,0.4042002124088828,2167.3451662715784
494.31887950663423,4,0.420517148860267,831.4782633517267
158.27046344548143,20,0.08234744230697313,260.66335714949366
834.4261158166478,10,0.06649687871412352,554.8673221935682
572.2399136749659,20,0.378379008092729,4330.47141854805
428.4432964962168,17,0.050590504117352435,368.47776004254644
258.69153163452177,18,0.09820603144369006,457.29123641849134
290.67413357905247,18,0.42617489289249466,2229.8043194040847
242.30812245755183,19,0.22517070011446788,1036.653101966594
946.0539280023859,3,0.3107345567765822,881.9149440136979
194.32599408064266,6,0.432050020957629,503.7512988909225
564.5101537380956,15,0.4356120946457478,3688.611757779674
157.41173631639458,2,0.12555150104958424,39.526559554689385
364.0409037869674,11,0.14534090659956336,582.0103849529448
506.23271692294344,11,0.2114911980956577,1177.7014019897856
705.4865188317794,8,0.07342978482127693,414.42978617703443
379.405267554736,14,0.3253347449078818,1728.0720231127734
605.9647046934083,8,0.44882206158658444,2175.762624073611
589.8427882877858,17,0.3262623469722108,3271.539371673899
838.9114230881644,20,0.26886889209787435,4511.143697879317
828.1858705277914,7,0.4694435558391129,2721.5056396939426
459.7986721055591,7,0.30374540533092176,977.6321382052585
824.5141533919893,19,0.19427748881611973,3043.506245072548
832.1375307476287,16,0.062208053084259335,828.2504909784476
377.89733128761924,12,0.23563407998853914,1068.5458798569882
728.5030028585076,8,0.08274887155511074,482.2624112884089
472.95054718710156,19,0.42181063252004874,3790.4158197341944
812.5184847303244,1,0.08315639601036603,67.5661088819774
946.6803077298871,18,0.3304781619652499,5631.429025210863
218.16726406362494,16,0.40866127568176897,1426.5041991078772
414.2435228924216,8,0.3839058386713894,1272.244056561648
639.2371482167492,18,0.46341769864553084,5332.2085460760845
617.5174014481252,2,0.32165657045914675,397.2570590972962
814.4831295449601,15,0.104851698257449,1280.9990900224634
335.65335186180204,5,0.2749090605572964,461.3707381661783
932.0149894904373,11,0.48097131885063965,4930.997265521587
321.3836107839457,14,0.41132848214655393,1850.7192593475495
827.0935755886492,4,0.43863009026671196,1451.152518877867
132.80718536123956,8,0.153971191583188,163.587844647035
923.4313630345252,8,0.29316528536559233,2165.744152476436
752.4649759064605,20,0.0816166482433901,1228.2733850805719
663.405112345607,10,0.4983499617135044,3306.079123379763
347.68914492136525,5,0.3447681890176419,599.3607841781577
299.12577797622066,17,0.11091858343717338,564.0363285653021
206.53269060636316,5,0.1993115261905244,205.8217288649481
218.55582094293254,13,0.2082813115805608,591.7742095142825
718.9677452081166,19,0.23319519660546945,3185.5366692391585
921.213700759541,20,0.07464226424364188,1375.229529539138
866.6988313670315,14,0.4364636981218266,5295.956079348479
804.9431417010884,9,0.051596042363800235,373.7869239569383
190.8473450840341,17,0.23006074142517624,746.4101890540089
119.62975404851433,8,0.3581976734310804,342.8087965864816
451.0649573046141,1,0.4800891012009535,216.55136993561865
394.042600710519,3,0.35872671577990134,424.0608240907665
102.53829642288387,2,0.24072964761753396,49.368015930366155
207.25252592815514,3,0.15306196992119164,95.16743966911882
800.2800994552767,3,0.1164192893405353,279.5041213558687
382.7597925911538,11,0.373813059366387,1573.8866997803725
979.2294000377516,12,0.2790450949898798,3278.9899314050085
161.0709969109474,9,0.45700807647714287,662.496718270751
291.83892356766296,4,0.49460647184183687,577.3816813276851
788.8926931128152,3,0.46697455368541824,1105.1784398161335
952.7270053684539,9,0.22162104102952024,1900.2991567202466
705.1729172277363,13,0.36830320566205454,3376.3267974934934
222.4465417263661,20,0.06616513795279348,294.3641224089369
668.5083592290035,14,0.21227929804544282,1986.7467932850102
490.596937044262,19,0.2984583235566543,2782.0320480729383
120.57913610150439,16,0.38776506302946284,748.1020209670085
734.9001069861091,19,0.48618960678873313,6788.715086846912
651.5038242506445,6,0.26192105124730125,1023.8553992361949
532.4101011238217,2,0.07409543845228152,78.89831975838622
761.2819984447854,14,0.4114844259274141,4385.579605384979
123.42505346952389,3,0.27393763280835864,101.4323009300594
590.7687778133117,2,0.19798916472398043,233.9316337285287
811.4951540102022,20,0.2650539754670965,4301.800332853757
732.3796441915323,3,0.15300886747947948,336.18173976831145
956.3138531079577,13,0.07903207166861764,982.53304469476
967.7695911373886,9,0.1999077506585894,1741.181779080523
867.5778626390721,16,0.17948825560288406,2491.52059463625
607.4667698373883,6,0.3088945919533319,1125.8591999647717
871.607023319775,7,0.4357547547698213,2658.648332916537
705.2013723538341,2,0.44050952316593756,621.2958405431045
383.5686812060753,2,0.11073028015109315,84.94533505426811
322.75019162677563,8,0.4002564601534412,1033.4627937150242
777.4932750505633,16,0.14552500747137836,1810.3154345708745
794.9108594222294,14,0.40771390110427896,4537.3469053526915
157.94462377123907,12,0.07946940423228016,150.62118183350404
215.84364050613945,4,0.23239139540357895,200.6408192248408
340.9613444634541,19,0.49541084096738325,3209.40298156218
557.6738090708484,2,0.06266225923115082,69.89020158084162
263.80225723442663,12,0.241228628953503,763.6398819300007
371.1947767350933,11,0.16226124651933263,662.5357989195177
804.1930762844496,15,0.3351272680526784,4042.605429631302
107.6040649157942,11,0.29901370895435725,353.92599603940755
756.9509298983726,12,0.3670822194884586,3334.3587286913667
498.78481071662725,9,0.2285261749902699,1025.8684644268494
973.11627754557,11,0.4915955091715444,5262.175511374456
217.9461896170136,17,0.08331313098042548,308.68225051819735
140.7491307027786,11,0.13321935335637447,206.25558995465596
504.49595653254704,19,0.2202417880867495,2111.110739436001
941.4873708157207,5,0.3633215082360168,1710.3130577496484
159.124289647427,20,0.47052441674369166,1497.4372715221966
532.0586543093842,17,0.3814224628791363,3449.9650794883537
510.10298010750967,7,0.17032543922732676,608.1845989658593
287.03776415007076,7,0.12687130351842954,254.91798707714514
876.3940656455651,6,0.2590748849637224,1362.3101504400825
373.28781738812745,17,0.4557995723137521,2892.4552677625225
754.9063289223856,13,0.2887064467942479,2833.302210513732
863.9868642206217,14,0.31160202159452516,3769.080749311643
932.1253138245925,5,0.06716313457593338,313.0222894701762
953.3511745551568,4,0.09773081436855449,372.6871466739737
286.3873110583211,7,0.10322154074040935,206.9293764715994
437.3091272436993,1,0.14029521206259996,61.3523767435653
694.8794501572555,17,0.15464695294466674,1826.8368237216448
772.6128612784191,10,0.3816552881293527,2948.7178418365866
377.74053967943325,11,0.4932410779631846,2049.4886608006664
937.6700504286907,16,0.21881163271459592,3282.7698349100688
770.2259638333525,7,0.3893978171751039,2099.470163338086
836.0002086637135,5,0.13083244817093714,546.8797698544396
197.37018692919023,19,0.32356376701528206,1213.3749824070642
627.5140996439889,14,0.2217331221511189,1947.9692471107398
536.7196677049797,10,0.4961611059004669,2662.9942388703384
401.5684987805007,5,0.4134427186586511,830.1278593174172
181.28084068404547,9,0.293161874325101,478.30167930748314
526.1140133849242,1,0.45666008771212185,240.25527149893594
200.9835983777918,3,0.4624925280157825,278.86023751036095
377.82376850667885,14,0.4924349177635844,2604.7506292319954
136.56740769755925,10,0.4794913197999161,654.828865585559
339.02375121329123,15,0.3596839625064708,1829.1210933030677
470.1625671896204,20,0.26297198173714165,2472.7916406495297
947.778760915115,11,0.23465472810437543,2446.4084419020196
465.22560639404486,6,0.3895672819516176,1087.4200498633268
873.6172510906382,15,0.07867353024225096,1030.9582983574721
148.79824823727037,17,0.447884490672634,1132.95526962041
107.35861857572708,15,0.22527294234575757,362.77487839094914
417.9916578742055,4,0.35265558115349127,589.6283640997569
895.0461042278496,8,0.11147835553392128,798.226142610907
188.22368618932398,12,0.20027048062712877,452.3477771825493
182.24878774952836,10,0.4356373208842901,793.9437362961415
988.6937519086533,14,0.4628167528460309,6406.176445445311
381.4065613317562,6,0.22705859497171854,519.609827573899
556.9230876676666,7,0.49493847588403506,1929.4986493640602
276.358691915473,1,0.12738039409018703,35.202679086441535
804.1182026325106,3,0.19858096215950183,479.0476991061997
786.9463309577254,14,0.48863382643335085,5383.400356509832
649.4913927192962,10,0.08769341816568121,569.5612029674392
173.49416630750773,2,0.1350616323166445,46.86481059781476
958.7124448706048,2,0.11360483455544727,217.82873737154685
683.6629575666283,3,0.4010692457092892,822.5885601318881
857.9955657294528,2,0.3681495159779575,631.7413044690637
293.1948501939878,5,0.15247127195612062,223.5189587003078
274.7024053310387,9,0.1369293643627339,338.5334317580389
565.8404878994406,15,0.489113112799777,4151.4000357695995
168.2065294629144,12,0.42866556168492054,865.252157175496
606.6437943214894,8,0.20312107004528268,985.7770931112905
524.3488855595208,4,0.45574877848097417,955.8854563664469
383.33702663067436,3,0.39956804807718427,459.5076824595905
694.1698779396509,14,0.26958204260884877,2619.900270575088
360.84173587219266,11,0.31369265427779075,1245.1274208994898
262.26531620395383,16,0.33311122258632764,1397.816321963022
382.4472457337441,5,0.09390544517045352,179.56939432420538
561.4236548485223,19,0.2663784482960308,2841.472078289479
498.2332567107107,1,0.4028977417582918,200.73705399762463
952.1021690428829,12,0.21450174293729285,2450.730896568905
123.24603116572482,10,0.20375752206896147,251.12305915162088
182.76527311477446,1,0.17980463226654847,32.86204272349732
856.8319849951197,16,0.38103569628193334,5223.737151987943
526.4386380827716,19,0.13630180581066764,1363.3362033646154
617.838689492632,9,0.19503317144955346,1084.4913515038552
819.1778994985192,2,0.15726079140784327,257.6491295579037
942.3490716650559,12,0.4515330152193754,5106.020612617223
934.5609110436401,18,0.32098969987710846,5399.719674349952
136.21889337510686,16,0.41670322857134356,908.2056425891622
340.4967793946778,5,0.16941887004745076,288.43289809921214
988.4040224823924,19,0.28305835212214536,5315.744262860553
731.9409564449165,3,0.45469888729601804,998.4382153856602
949.9732103398696,17,0.17332476505250188,2799.1160193015903
684.2791107812794,14,0.14149744541421186,1355.5324457620334
646.2314460842941,12,0.25712798416347105,1993.9702684163926
543.0923281741857,18,0.26925480847128813,2632.1439744857935
199.30155344677217,11,0.23789939752947953,521.5509144084411
724.7135177106474,13,0.2348128072874357,2212.236202446268
257.95001479539997,5,0.20443042750773577,263.6641590012519
464.1911853406977,6,0.3876296003351328,1079.6054619162371
428.9411315505998,14,0.1220059155855342,732.6669768197639
117.88850125831483,1,0.3311101475771292,39.03407904928721
482.0384643495654,7,0.34838914249092356,1175.5587706967071
896.8695083856987,3,0.10626571394080667,285.9194358610397
361.03825899485133,16,0.4368015752174889,2523.233283883693
294.4507083926956,15,0.17638645135445702,779.0567332829042
666.664289049076,12,0.3633539916902418,2906.8215665198272
957.9028536036487,18,0.09238774730796218,1592.9727621175762
714.2483972796973,14,0.20757239393976784,2075.615495673848
437.928212598401,1,0.2504742382038222,109.68973543854598
914.6678178271983,7,0.060298274230076415,386.07023636138985
933.9687239462149,18,0.3741933268081956,6290.72755106831
452.3818222032811,9,0.11558253007319998,470.5869201244177
899.2390475910921,5,0.2522021808172785,1133.9502443926297
523.8647216732346,4,0.32621718642707237,683.5747022905758
673.7243296601788,13,0.354798344402143,3107.4715977093756
970.831042483794,4,0.3220468283303983,1250.6122323064003
468.3744553440587,1,0.057083104825805926,26.736268132134658
388.2979418657229,17,0.42272444080515126,2790.4315157966407
956.297029059679,18,0.464433992181977,7994.463244523115
541.2521101696965,11,0.36533242174136393,2175.106385990106
717.6877427137033,3,0.47609785561434437,1025.0687859200802
955.5007377770357,9,0.06197822480791082,532.982155770628
154.32989338389856,17,0.4291466373977279,1125.9126315260487
630.8658343376786,14,0.14476309714115387,1278.5652888296465
987.4905287565418,5,0.19346312631947715,955.2150245205706
777.6632660066049,10,0.3115463900304502,2422.781831836475
241.07908794959587,6,0.15441227116937645,223.3534170104337
950.965104267592,10,0.37072427566043825,3525.458494579562
142.44451860332288,7,0.27015291406295244,269.3726125508748
897.205788824713,6,0.43700127087719526,2352.480419728656
747.3175434649065,12,0.09314038207974994,835.2652983986583
773.6282122254717,14,0.22136779146103813,2397.5891625322556
746.3088554925843,13,0.411848350987065,3995.7589290016404
471.81488089850353,8,0.1701923783004014,642.3943735810956
439.157192612957,4,0.2531052700306645,444.6119992888441
150.8386360271046,19,0.07495624472388764,214.81965660143626
676.8528378449897,6,0.2617993433165918,1063.1977708187396
145.08528314252183,10,0.45608111351454744,661.7065749021475
278.39768011630156,5,0.10364006533311011,144.26576877919894
352.09557032026817,4,0.3746018932867696,527.5826690394296
128.26340420963177,15,0.46117575673665545,887.2795874699468
999.9013077641973,6,0.3872859578517952,2323.486414408319
707.3074064615303,16,0.20813106202476173,2355.4022669570895
410.5276430949406,11,0.06962888791840904,314.43041573312877
485.3461372669232,16,0.2330314311515264,1809.614479538821
611.4423656890142,9,0.13236589995927053,728.4070710688659
555.8199112745331,6,0.42449270135439726,1415.6489736209278
103.76654789051494,14,0.21404866563517955,310.9552755894715
667.0443834493067,6,0.43177474364167806,1728.0775059686734
734.910988070127,15,0.2985725765322665,3291.3640084495737
766.4978435846334,6,0.14164025289826263,651.4016904678026
679.4146019975403,1,0.39366760255040484,267.4635175061092
732.1487186522933,17,0.2049664745921333,2551.12100956824
637.721497723343,1,0.496881237099806,316.8718467139158
361.1789362833778,2,0.2704046995189402,195.32896347655446
884.6230907695425,1,0.4981532002520748,440.6778236837293
951.9048432877298,3,0.3080012761932427,879.5637196414484
529.4325220063405,12,0.1361780741467676,865.1652148498753
165.47863818664644,16,0.24401047532292125,646.0563385554128
768.3555140998175,10,0.2502176760358247,1922.5613110736765
264.6694374273882,2,0.2683040120530037,142.02374385915934
759.7361896305275,18,0.12631261499494223,1727.3567667334544
278.6218421514497,20,0.054825084727240764,305.50932205626265
707.9433014409375,7,0.46282900471286653,2293.5968551933497
835.859696766233,14,0.23039329942624576,2696.070627535512
917.2288852439211,7,0.16337355046579088,1048.956577004552
496.2003104483655,17,0.10277232018951385,866.926172120105
381.9334592857185,13,0.43464267309937205,2158.0595359704535
718.7435303106381,1,0.4750158323532362,341.4145562990112
422.590348067199,13,0.416169401729103,2286.2992403110547
365.64131083527866,4,0.2912361636736363,425.95189059306455
568.1636772032111,10,0.23487246098456904,1334.460011067605
437.25033642270546,14,0.4682137563299289,2866.1727146220005
736.1817981856996,10,0.32386862766929886,2384.2618869351923
197.71280832301457,20,0.3956469453935983,1564.4893735638143
281.7997432802482,5,0.3456327300701154,486.9960730150492
519.3518542918788,9,0.29469415085497047,1377.4495832594962
395.17865421555047,10,0.07323447798866868,289.4070245374044
249.53084172162508,19,0.40052470910087207,1898.9220880527432
657.7115240297979,4,0.24880974056376887,654.5801346386203
833.3761933267674,7,0.47540966684430364,2773.3656889781673
154.11401934888488,16,0.2591713379426731,639.0709854459761
331.99109352588414,18,0.0713352279011992,426.28788572107106
148.36062037614252,8,0.20508562693966303,243.41304674398828
673.7261881303866,3,0.45399835206168127,917.6117374559813
214.8801111423709,19,0.39441830353894514,1610.3003291196444
382.90116549823193,14,0.3583800910443298,1921.1381637313089
873.4596331358706,13,0.47993244686984743,5449.62104664819
567.2153303336358,12,0.11964513866791453,814.3746822280177
317.7340728660248,19,0.08657407727394134,522.6431493604795
979.1669400740064,9,0.11251102680144881,991.5037005398324
212.59601065154408,13,0.1451586063969516,401.1818282124851
211.65173228364267,17,0.4778874861044414,1719.4771426015639
586.7008243683545,20,0.19058374996847538,2236.312864354337
849.1982620708484,15,0.3970534650790596,5057.656687415186
129.79488727357355,12,0.321950955481075,501.45105569142515
771.5048220172133,20,0.3359106732846012,5183.134084122371
195.7412046790634,10,0.40386537448922283,790.5309493068156
898.9613379802591,9,0.05803383336227556,469.53155238727174
686.2048419507976,17,0.425572712155859,4964.51094661922
111.00851617518268,10,0.1889910702366266,209.79618277327648
924.422176955546,4,0.48561939232626516,1795.6693433043017
922.8532402128959,4,0.1847621741851294,682.0334844621046
350.91950745500355,4,0.16488402299007693,231.44408053950912
531.6501636830837,3,0.12216999948707638,194.85510067339925
635.2289378451983,7,0.09214854386009216,409.74795148159603
889.4976166086308,20,0.07041285860258846,1252.6413981120593
190.92039204009848,4,0.3251631034239833,248.32106873072792
999.4434163058801,11,0.41011920676409913,4508.800352110657
597.6478422983171,8,0.11585981948531471,553.9469689957668
422.691530221765,12,0.12104870745649571,613.9951606338354
356.243633467209,16,0.4231739721884349,2412.048535058555
810.5715213357131,2,0.14795361256730333,239.85396965158748
595.1975816248889,11,0.1407482061474335,921.5029110869312
193.82720905939587,17,0.1339054732669045,441.22691073872795
278.8996392964691,18,0.12482802328880845,626.6608320481186
658.5842150050458,17,0.09493073854547386,1062.8380607219426
124.67290631910572,8,0.3343011491398092,333.42636679261454
677.1330893766627,11,0.4554893481843974,3392.6960046568975
687.0816076372322,10,0.22080634960428874,1517.1198166262343
204.48498942868974,1,0.2187392187817952,44.72888684023524
723.4322744602576,10,0.3267566871478494,2363.8633337846754
767.1134070212994,15,0.07463953096924578,858.8547735043487
567.8484684189605,18,0.11228871988409184,1147.73359692433
559.6318529507221,3,0.1087233768038276,182.53519445935677
172.28261747232898,8,0.17011992603801057,234.4696491362198
762.8128799363894,8,0.2932997232754549,1789.8624527703666
179.82849925596906,12,0.13944975111024394,300.9244735652829
237.42807466244136,11,0.27031792074803496,705.9916981695638
922.2793841129527,2,0.4580042600134123,844.8157736925572
488.36343966694784,8,0.26938391978851384,1052.4580612710704
734.8506202884396,16,0.16188579310614537,1903.3900076789907
213.18494011174755,7,0.15424253510024216,230.17529925620474
417.77927301168836,6,0.24948135552822098,625.3688360553043
936.4813644634006,19,0.20253925445565324,3603.8105100305706
104.07767620904349,11,0.06264427376142248,71.71857484981207
217.62554792154782,13,0.11755213417589215,332.5705189218859
953.5677077038672,8,0.2979510642343037,2272.932106638661
381.32799298113514,4,0.41167092392488386,627.9265887558621
556.9802471507958,11,0.14269291407780438,874.2484800469502
604.9587148434757,20,0.454663758246542,5501.056057494656
235.4719527095052,19,0.32123635483026514,1437.2008833101545
226.1943980774385,7,0.37498551209610753,593.7373553743736
487.969697974373,14,0.11997907932766555,819.6461714387001
379.3758232952572,5,0.4325612427872816,820.516388040223
914.1165404191759,12,0.4992287378788282,5476.238960971512
482.019407024653,12,0.48869242940397495,2826.710820464893
904.3668930660531,9,0.06129401774189291,498.89052349894104
164.19585469351995,20,0.16059699942884276,527.3872316486714
543.8432271450937,5,0.40694189938316067,1106.5629791054605
618.8130073501711,10,0.34728970212568216,2149.073849941385
642.0970560480062,3,0.30318335426858944,584.019417655863
981.7712014512393,11,0.08157480630074454,880.9657514903752
775.2261466026173,16,0.377228162170142,4678.994152786342
828.1486867222137,10,0.4285177375589985,3548.7640159665884
365.8697780970782,9,0.38674742143202645,1273.4927393305743
979.7671976360904,17,0.3981476342184903,6631.563861002719
241.56671457924165,11,0.13002235152914676,345.4997950883954
968.7096672919291,8,0.261934956429015,2029.9113959558165
487.3984037491741,11,0.16112271338138684,863.8404864080602
105.45931149211229,4,0.18291782690551944,77.16155234035782
170.13150227983783,1,0.4896906744854241,83.31181010263225
241.18865929924388,4,0.37252530627221137,359.39551669933945
138.16638900576874,5,0.1441569883487979,99.5882526505004
600.9643707745449,16,0.4039010567564753,3883.682310861263
357.5622679413369,17,0.07793354458771518,473.7236141753426
961.3809181965319,3,0.1147558315284719,330.9722000497465
379.18278106067885,4,0.49536084033178046,751.3292042622376
341.6062006840217,5,0.2543565988042167,434.44895668209216
749.6369662432872,10,0.16877507789282747,1265.2003736905367
399.563342790847,11,0.45640457142276586,2005.9878984497464
899.9850023184372,11,0.2648378072062956,2621.850599858245
631.2828028007772,2,0.25933245343785,327.424236126896
523.8693574913311,8,0.12194438831326629,511.0634268427536
356.95887832737145,13,0.36671126764609385,1701.710955996456
853.5288108673021,17,0.08540221138120871,1239.1852147358977
993.0720383349123,1,0.30716828621083236,305.040236099233
308.49197393011013,13,0.4868158859749587,1952.3243168643555
948.6010607883316,9,0.19552461880568567,1669.2737472837682
645.1759007392998,11,0.3593043933328897,2549.959891689483
792.6277262178096,5,0.264744083894701,1049.2175062353695
317.4679392949026,10,0.07992932860183508,253.749992404497
669.0429305835206,12,0.4903649296603834,3936.9022751443786
378.1810498141373,4,0.30536951468142337,461.9398545738172
676.4996548100906,7,0.4014055351038083,1900.8549415561022
477.6141208794252,17,0.422700983900596,3432.0952999493707
932.4707669138528,13,0.05368702751018441,650.800588304708
285.802084091554,16,0.20034209680931847,916.1310207900013
102.27071179280259,11,0.11465299668512738,128.98207938182392
463.4444596414345,12,0.2714722935974029,1509.7479649664308
852.2872127686202,5,0.0781887864332316,333.1965142946993
864.5726652332777,18,0.21060971600340678,3277.573262803604
969.2310366316382,2,0.34520418026990063,669.1652109851414
698.8323278757622,12,0.14355515989700418,1203.8518388328084
139.34588075820005,7,0.3733527433255452,364.17616796531803
384.18506800401883,12,0.15997654142045015,737.5271813359604
836.6008639023115,5,0.20964768363399489,876.9571662165931
929.3998235685026,5,0.2580928589011463,1199.3572876350793
582.3291050315759,9,0.41670427990468367,2183.9312734174955
527.1096639144228,2,0.23470774226406776,247.43343828585142
995.520711335668,15,0.4105429142928264,6130.5596110591905
630.1326497283501,17,0.1046768889861295,1121.325532176552
406.4147707793466,1,0.4919136415204126,199.92096986175218
335.21991468763315,19,0.28728240531400334,1829.7528846117466
530.9516447150567,9,0.32233242735791995,1540.286392056157
841.6827674583228,12,0.3611345339110675,3647.5285671244656
744.8206157818753,7,0.32671286686385886,1703.3973507698086
952.3884000984136,6,0.1597348081507973,912.7774702485893
786.3614996126023,18,0.125622260865769,1778.1211699043695
237.80043228212838,6,0.1991862344693468,284.19943596876027
277.95935665233714,12,0.07616778008195935,254.0585657906174
871.307737847741,15,0.333084270836833,4353.283538032579
555.0147341580374,3,0.38941818759476204,648.3984955926348
624.9891567398977,10,0.4466038247026032,2791.2254779769305
816.3542774892848,13,0.33456966385272585,3550.655890656223
652.4218402099804,3,0.1977422460884951,387.03408024093227
548.6296442757348,15,0.19152815525429434,1576.1703552892684
520.272686825348,11,0.1985302209489711,1136.188366160663
679.5701816540895,16,0.2907563871872899,3161.429933727254
174.02418102882558,1,0.4805477396589981,83.62692683941043
893.3362984166116,20,0.05875595436266655,1049.776535605598
264.1318457207881,11,0.0796915291230553,231.53977743142985
717.0912980294729,4,0.10054674869783922,288.40479414550697
123.97780052021182,9,0.24433427775864286,272.62823713389946
625.3375306370631,15,0.372905310554293,3497.8752909520304
722.8291928975981,14,0.46230023962331573,4678.297527166025
530.9860727114518,20,0.16950029588000254,1800.0459286550326
290.87954702164006,5,0.2075874102342613,301.9146592816865
167.89702386982597,5,0.28091456460290304,235.8235967925769
753.0912078508392,9,0.3604292438012368,2442.9248510313423
530.6291557649395,12,0.290317752379207,1848.6127661826401
506.83598369424953,6,0.15981310599464044,485.9941967041617
126.45883433680211,6,0.2755606713532528,209.0824877303938
968.2386271019725,6,0.39760470570809286,2309.857406304526
724.2621326459553,2,0.08084899578450411,117.11173221833758
649.5461733418316,5,0.47632515413357535,1546.9759056696098
265.1997194737284,7,0.357730004841754,664.0892785195806
875.5382416034596,11,0.45228863740903263,4355.95598123762
764.3395574740224,6,0.3602062411527357,1651.919273772378
124.13226744677594,10,0.12036590269980156,149.4129242540438
383.0872563949988,12,0.12350849612547915,567.7743710661857
434.8082524907802,8,0.4135938553915609,1438.6721720298324
761.1377945243195,2,0.42075299969348157,640.5020204523764
463.9550420513,8,0.19218618739243426,713.3260052266869
548.686698902366,15,0.24437057340196872,2011.243248432068
638.3255462127437,15,0.22034317378652352,2109.760151422982
988.1731833833285,19,0.3211314370043639,6029.336013392236
238.10566290742912,17,0.3082520896791809,1247.7416586462482
247.10395892614676,3,0.45833128841584325,339.7664276018294
580.462694729981,7,0.2019450764937703,820.5510830231823
331.38542375402926,19,0.4177033731674415,2629.9953770910206
343.8871297561048,7,0.062376589508711444,150.15354431087874
503.1678498976559,14,0.2211469757741658,1557.8366763631843
225.7499592298505,2,0.46441783460403335,209.68461445495197
205.22063266669699,8,0.27510693283044685,451.6609504516705
266.57363951026616,19,0.12610382519136087,638.7031571111216
137.6929041287369,1,0.43246259197604614,59.54703021622279
528.1919772659392,9,0.2536617608375148,1205.8389631217403
790.2010405393423,4,0.4874466186190118,1540.7233009605084
319.5999815481193,4,0.06350487316201124,81.18462516317778
313.8589423350561,18,0.3674376185997443,2075.8244822608945
108.91502650220538,9,0.17548010587765978,172.01178344047608
360.37625464372957,17,0.27172236103517794,1664.6788751377478
313.8900795900948,10,0.4117301809534344,1292.3801926911765
784.1875190758823,6,0.3151843623779988,1482.9818591083003
171.74760103103185,4,0.1794676046909896,123.29252227385209
105.58252760224799,20,0.2533775666869691,535.044878570347
357.8969560783363,6,0.19753740618420362,424.18821830961843
131.27826229058033,13,0.3572249568435372,609.6463305562125
418.0745470668786,9,0.4857132278474559,1827.5790396304506
721.6051100517698,20,0.4189001107597645,6045.609210509969
603.3195741042173,14,0.12011457550900356,1014.5446435572122
323.74736116471206,6,0.36394731860990076,706.9619040175685
521.2097972558399,6,0.33502933572865545,1047.7234328993475
494.6681001102604,5,0.3308810375118907,818.381470942594
974.8525327536088,16,0.12740025817653952,1987.1434297098112
639.8676214335418,13,0.40845421124421705,3397.636119973558
588.4252448469088,13,0.06211383915116747,475.14156314179394
482.70764534959096,7,0.30051890765376205,1015.4394200760505
363.8195307648442,15,0.30009924205760774,1637.729481424264
734.4456374648628,20,0.25030922470499845,3676.770362035963
741.6178057467723,18,0.26344994505194136,3516.825063123513
878.4174087790572,15,0.06395313659772112,842.663228001949
645.7008327886062,17,0.30759524729058335,3376.4466247348983
659.0662661245335,7,0.35048803804627554,1616.963897895306
846.5696109156812,19,0.4458681071189961,7171.709409305356
132.9470737025253,5,0.4894555220366087,325.3583968115451
959.3923327279186,6,0.16850718710343754,969.9870198995208
403.9445867747333,2,0.47232085312142214,381.5829036784447
801.0424102085229,17,0.1392039370289912,1895.6403728797156
515.9933152080425,7,0.4646492563080829,1678.291371199514
678.6788433210918,5,0.472640676998605,1603.856139859555
431.7636343588383,13,0.059296337434096465,332.8260280112758
398.1746484167509,4,0.09071645262090536,144.48396651177535
157.2672864096134,10,0.23266267398074625,365.9022738575653
852.4723047960938,11,0.12537838260296857,1175.69758668075
732.2740210305823,5,0.4965598639957287,1818.0894414527568
862.7684884268319,12,0.0867158931074854,897.7888802271349
972.4318909066303,11,0.24485197119338437,2619.1205187377836
422.88456110096485,14,0.4078547104201994,2414.6564429260998
172.45307583242788,6,0.430684531251215,445.6372327663166
636.6584872989223,10,0.11053564803368576,703.7345846973247
521.4653185062384,18,0.22729438635845411,2133.470512387643
383.0032115211704,18,0.270704446431636,1866.2521024147898
433.38004159225943,9,0.35235653558572705,1374.3386104270216
572.3775133451904,12,0.22762498322975833,1563.449062515477
217.34071347635083,10,0.30953958745171284,672.7555478593056
762.9329996377311,11,0.43600003539347765,3659.026963293931
766.9860488195828,8,0.4546082860551452,2789.4257046566277
102.07967516394079,1,0.05641085049201105,5.758401293946117
850.8106824615724,13,0.4019347288292961,4445.614692223386
787.2576023600473,17,0.4748899862915338,6355.632783875366
924.2983285856083,8,0.3194832818894579,2362.3829076917655
411.7139703165576,5,0.434772968985266,895.0105262362072
793.8826743353326,4,0.23519530111649334,746.8698985658623
683.6812417944469,8,0.3352130487602453,1833.430987536856
930.4812368692501,16,0.36948578893276524,5500.793502268321
367.3700420341106,7,0.13136272620644673,337.8111117372439
131.62458411593605,8,0.3893854041772926,410.02153508521445
308.46151084888106,5,0.10818660826186952,166.85702319036156
607.1289247871368,4,0.157808024244803,383.23926433011866
488.76567540979613,8,0.3302295040255023,1291.238772602133
747.6889737890523,20,0.32891240772604147,4918.483611983406
626.8829354669153,3,0.055680434410224786,104.71534251346426
106.37490598370634,16,0.46256256254112904,787.2807856303182
887.2703424854907,14,0.07549840492256556,937.824938298542
575.212646472047,6,0.2215972133013127,764.7931170832727
355.75073066482355,15,0.48061835237220635,2564.7049504100405
605.3792547706707,3,0.34803409806488966,632.0778687639163
284.61953392811375,18,0.08485886479787205,434.7448298719049
410.48065658806246,15,0.10202496034319536,628.189090650688
335.83900915967,12,0.4923186908093235,1984.0778557462697
370.0098665919077,15,0.3773289113235675,2094.2313021015448
218.40721387490862,11,0.2249489104165765,540.4351126710897
282.27012727415604,2,0.07513911179341776,42.41905329839014
876.1383051149033,1,0.26609605579740436,233.1369473240986
992.9975181824552,17,0.07573401526585186,1278.4627164167123
301.34449478202487,9,0.49579560670369577,1344.6474895554543
223.91544236243882,15,0.1611138503082149,541.1381859371954
766.2060460830317,17,0.12459312066615359,1622.8880400309133
121.89128454957503,14,0.23987023913152478,409.3332820213741
689.5523496187172,9,0.06508454452674785,403.912805420547
979.8875718802905,16,0.4134548636417531,6482.228518656225
842.9114761969751,5,0.3473988870942579,1464.1325437490361
204.09426286173047,10,0.06706435937801943,136.87450991551057
154.27071673005884,1,0.13819852544984684,21.31998557218515
636.7877454212959,3,0.19914187591296045,380.4333185447447
994.5306418005357,9,0.22897643642910315,2049.5167405113193
369.21227099604937,14,0.3978756202217235,2056.6078584243387
985.1064889617224,14,0.2631633508082601,3629.41494353378
580.2237246759655,10,0.303986916055119,1763.804206862612
269.34890885276184,13,0.4309084803417224,1508.8414769407811
870.2049365834495,8,0.4043759536609039,2815.11960889087
939.9342212177005,1,0.27554172759938256,258.9910991441054
927.2542609931805,7,0.3029531948402974,1966.402485580141
747.3944111280654,5,0.4842329194024891,1809.5648882282362
255.89861688145626,13,0.3930367133699122,1307.5081673549207
259.4544222180865,7,0.41829229163874054,759.6944939178613
672.3328873872003,14,0.4753567509811374,4474.3716769660505
367.970342623516,14,0.36608871055704767,1885.9370355598921
200.54727976872323,4,0.4446955179389078,356.72990579196573
526.5990270580462,20,0.3305226818185887,3481.0584533256992
229.6107732851268,14,0.11401614611581697,366.51069667299834
410.82276974947354,10,0.14694671870118747,603.690579824186
342.7062190780141,19,0.3700697018627005,2409.678578093186
412.1905969189858,10,0.26143062892376817,1077.592469889939
643.3526558055446,15,0.32122151031400176,3099.8806764357173
860.1249394281443,3,0.4004354162109793,1033.273464340057
906.059358272231,6,0.2283051795587307,1241.14826688726
752.7692541599963,15,0.4148332805722322,4684.106088256555
140.77761984901107,7,0.22857467925645214,225.2473951243212
707.9496126718207,11,0.49416851013575885,3848.310458797433
665.3055020131293,16,0.11556518749884928,1230.1784813466134
219.0280560039413,12,0.12132984817078653,318.8956893612087
850.0960588743797,12,0.27901313156836804,2846.255562245621
916.8697016118673,1,0.19771079784775075,181.27504022811144
713.6922064776736,10,0.32080896586749197,2289.5885870779102
206.43854789473772,13,0.480780495601533,1290.2711557852065
848.329537748929,4,0.2849054846095593,966.7749522438481
789.4357083944047,4,0.4681473458338434,1478.288926365202
471.00968215531856,9,0.34133364298142593,1446.9430562063856
636.865385464675,17,0.16837832203057415,1822.9835243862453
702.7261873930535,9,0.12748192008779902,806.2639529836043
598.2261322146358,6,0.2469595796946516,886.4260450445012
458.4126368051719,14,0.47257391526132014,3032.873964123999
776.005510347676,15,0.19148414302296823,2228.891251950388
936.0736267736844,16,0.05665930754908701,848.5965361273516
968.5020841982005,6,0.06081288438125587,353.38443161610303
538.9764768833518,4,0.18088208217284168,389.9647495233726
488.2426220888128,5,0.3959456411415541,966.5876901779425
845.0008717957882,5,0.4917457853241249,2077.6280865039503
852.1540827673266,2,0.12211517570202865,208.12189108466632
759.6232145016311,4,0.3958142413133164,1202.6787453277827
309.48689865395386,17,0.18249750509451973,960.16997668438
481.7221475191673,14,0.17747710539561917,1196.9251328532857
642.9862197536286,2,0.2206102244457348,283.6986685107251
906.2753479938896,5,0.4994026013888793,2262.9813318138017
258.64961785900954,4,0.2771910529287999,286.78143965588237
981.9736961451589,2,0.37356413303953745,733.6603049361929
995.6508488745113,13,0.4298388902250554,5563.602927114106
564.1726441110544,16,0.17124052144644675,1545.7474842143613
244.59367089454892,11,0.35035228499343923,942.6334664212234
696.263413715322,14,0.052184775760327345,508.68090160795754
853.2422531550086,7,0.16523435229074676,986.8945173301566
815.6937984260217,2,0.1886247145549937,307.7200197847738
136.00379410998212,8,0.15622370330804025,169.97613103844512
726.5423075278261,10,0.1408444705142421,1023.294666099523
630.957116332912,3,0.3478302772255467,658.397966074525
245.17150772123537,13,0.3250646703704416,1036.0557394411583
146.53641428287122,4,0.39571210434842696,231.94493143819145
635.4961562720936,18,0.35974940167443503,4115.148515735201
302.6783721117165,9,0.08719974240837212,237.54128472654372
281.51511794915416,4,0.19260614024758343,216.8861611581191
618.3552815619903,20,0.39150651345897153,4841.80240726551
736.7813436145425,3,0.2445261030997779,540.4868123720476
685.3234540630643,20,0.3589008787643625,4919.26379802124
532.9407228494872,3,0.13239070267693898,211.66919034959818
266.80329929158415,17,0.3072891363251758,1393.7578419363108
838.4391385398061,8,0.30024197233605054,2013.8769651114442
948.7926952052912,18,0.4427570978671109,7561.524603718964
163.81785710799238,12,0.1860719743975534,365.782945363925
482.76335788354544,9,0.47905266896436777,2081.421675650814
665.7346704714955,3,0.12996198347142807,259.56059472051936
516.2267255550623,1,0.201611938307248,104.07747074515987
261.8545337077154,9,0.10163605499624032,239.52475610039002
799.2375712833648,6,0.37965914897884806,1820.6271368721823
278.41062519088666,6,0.4208498659727339,703.0144457818182
939.258889023549,10,0.39716323139576326,3730.3909548178735
983.3169591557116,4,0.1184371297039967,465.84495292665855
279.31592388016355,4,0.08464284127034691,94.56837363707594
904.2868975888915,7,0.4550148813957756,2880.2479681791438
548.3247765964927,16,0.17020237099026106,1493.2188327908523
141.88762620280522,9,0.32929564607754447,420.50679786775686
525.6128668881385,14,0.310494618694302,2284.7995335935207
149.94870958947484,5,0.14889497211875258,111.63304466783893
369.46446181166255,6,0.12645716223129413,280.3285643160911
934.2103879345284,14,0.2376180715531247,3107.7937912825882
914.515418590726,3,0.19464004810438656,534.0039752001064
193.24336623167792,10,0.24311564644937134,469.8048590346699
939.8344055238307,16,0.07334519475313828,1102.9174001415247
348.1188075736419,6,0.12545974468022308,262.04938029943696
691.1606249120608,18,0.44599554891633864,5548.582121346255
488.05820973795886,20,0.12744108281601135,1243.9733345249892
694.3979382532366,11,0.2969369401559861,2268.116389390956
733.4938034851768,3,0.1851467813897511,407.4120506538213
574.1982366238922,3,0.17916339131073916,308.62591007454836
108.59960540795905,18,0.16578822960560344,324.08165369614767
652.5829338960959,20,0.12764883315860356,1666.0290010210952
921.7901804569531,15,0.45631472694723163,6309.396517467809
296.98060444594296,14,0.18120269059342292,753.391584115323
352.9702020140298,12,0.2858489073794512,1210.7537589985748
855.0437964587891,6,0.4107112161330637,2107.0564649437265
808.6137213131396,13,0.2737906225203481,2878.081103778657
172.92165288868443,3,0.2145949768126404,111.32435427615206
320.9708570732986,2,0.11608934110232924,74.52259062137826
291.08351332343784,2,0.3319839688144918,193.27012001916182
579.1850385942942,10,0.32138781576792874,1861.4301447928372
685.8008718355511,11,0.4688283965969411,3536.7521544019028
277.97281275826896,14,0.4810185808197865,1871.9412305925348
613.7094242336814,12,0.14174164045484555,1043.858166641769
240.17470017923893,4,0.454468077465801,436.6069369855355
715.8497547736105,13,0.4599101840285831,4279.945701911714
323.9271430027846,4,0.19280241582636315,249.8157428906747
463.28306043572934,5,0.25218450517091934,584.1640467502676
134.38775321935745,19,0.28932339634623744,738.7489025865256
685.4498893990911,4,0.4088644470385743,1121.0243600072451
144.70825452131373,1,0.182092865650486,26.350340749065914
723.4611719835232,4,0.34421672357742755,996.1097370226166
839.2896710343618,7,0.11761313570975734,690.980429854134
460.65633590334636,3,0.41731840649966206,576.7211041294727
154.04795146710066,7,0.35074062369481895,378.2161220353606
929.3739785485793,1,0.06866670275456623,63.817046732823904
559.7241334770537,14,0.07943275340971614,622.4460070072979
754.1512623230891,12,0.40490478960599374,3664.3134984242997
199.91024840115222,7,0.17201707786809511,240.71583736095863
958.298656275314,4,0.1910619641427977,732.377694013461
361.2373877227439,10,0.29696791927289207,1072.7591539559824
533.5639172890849,10,0.3732423255645807,1991.4863732632564
363.1644884429851,15,0.2605017385081526,1419.0747090573227
138.41430811455513,3,0.46107413763117444,191.45777324920252
662.5877249635892,7,0.41538130057813233,1926.5858565973706
847.2170926198872,3,0.29327671251786064,745.4071311375011
582.219631832596,10,0.16596361829365963,966.2727674053999
917.0795521993942,10,0.4284581919660934,3929.3024682442706
495.2585558772295,2,0.21497053559003337,212.931994024949
816.577737236058,10,0.31675302002745204,2586.534643567046
314.3721931482153,8,0.26592719864710207,668.8009332516046
731.7009924743112,6,0.4356279676728835,1912.496497774896
379.8487326402264,1,0.10640171403176035,40.416556225711965
861.9963932818339,11,0.1463059088737333,1387.2668234147661
956.4030725404339,2,0.3148433481554606,602.2342910896001
495.81031858913207,6,0.32852569609725096,977.3185802801663
302.4771984328398,10,0.32129289495766883,971.8377474317236
348.23479778118497,5,0.30907954930864123,538.1612717589724
236.69052687196196,12,0.3346815367548069,950.5913912257577
517.8675589376116,16,0.4079227136353294,3379.999039128551
184.90119474764577,11,0.4788932033620979,974.0271800399711
524.4753890411603,5,0.2803713474765928,735.2393577189017
905.1032411938884,15,0.14096209769295762,1913.778772610782
791.2465498788883,8,0.3341591918379592,2115.2184612168226
304.10042945060036,4,0.06783632034513332,82.51621659721415
424.3212996589947,16,0.3195486231482825,2169.4605932563445
284.5586415619964,10,0.24123177390130796,686.4458588294685
713.2680969174382,1,0.3208013015037028,228.8173338121834
203.96701169993736,16,0.26443511849067325,862.9766545129836
757.7101901089824,6,0.46186046992954066,2099.738306844817
878.5107758439854,13,0.35114864345933994,4010.34227362636
539.948995908837,7,0.08672167226802921,327.7769590526033
506.2788179729443,9,0.07243383793880658,330.04546067612523
542.9531064817738,16,0.21678885638823242,1883.2989284259509
395.33216479728037,4,0.3924837657073386,620.6458269794831
761.9579084207087,19,0.30649587648260546,4437.202182700901
284.9915552977518,4,0.374728700470358,427.1780606470108
237.91503256924744,8,0.06528375844653887,124.25590013640944
371.06802182760015,8,0.18529037880319554,550.0426746095077
827.2324967197344,9,0.45905400082089476,3417.699485054266
858.6508146404366,3,0.19918298924462108,513.0859079322336
704.6898864443673,19,0.34779753953455733,4656.698764164513
380.8632317374485,20,0.14606374892453045,1112.6062291016785
509.4202687246234,12,0.12666723460280044,774.3222802795622
846.0490552555303,3,0.30414235645803256,771.9580600335277
420.8834569808464,6,0.3381626767870926,853.962458568289
981.528613505714,15,0.4471317524655503,6583.089135778376
747.7903099794868,4,0.4272161674886187,1277.87244125825
243.14081044872873,8,0.404327244993565,786.4676322738967
809.9890760521546,6,0.061577392421160324,299.2620911574995
902.0407789632021,15,0.057433217402602155,777.1065624630927
261.0068251240326,3,0.20210270883443787,158.25055914553022
111.45341205566179,18,0.15294273147300846,306.8278068920336
610.2908134968025,16,0.20884386555805823,2039.2878816839072
678.6498752731824,8,0.4403543718281394,2390.771516137339
414.5250706755209,13,0.1397616334987282,753.1511130492253
113.83113973285057,20,0.29796089773819884,678.3445717072502
337.66949272390184,4,0.05064347461095386,68.40302552662637
539.6652970747646,9,0.4759968613558392,2311.9108883122904
950.1532498639849,9,0.28822441511120905,2464.7162823725535
375.63162125489487,3,0.35632611076602577,401.5420640474805
400.16565843111863,13,0.1775003759838043,923.3842127552922
706.776420779136,8,0.21411544711810077,1210.653994781245
538.8453312624322,8,0.2949081712941492,1271.2791300239514
839.8166537443834,20,0.3553327826152386,5968.287769232202
494.7112514814079,13,0.4260196105692748,2739.8370311045232
419.67162975389806,6,0.3628388430955192,913.6390117194927
272.7564481859325,19,0.29004654585037903,1503.1292474402048
525.0209309076668,1,0.46806430075870015,245.74355490897887
227.3583935707817,20,0.3623502121346973,1647.6672428195347
983.80808344799,17,0.1648152125638811,2756.4911527242643
412.0704751197794,15,0.14690331746856322,908.0177973891397
979.4127833427082,15,0.3171267134622368,4658.969356565623
250.06159534026216,13,0.06807847001901089,221.30954067661494
761.9521204767464,14,0.3627773227876586,3869.86530502507
398.1348192920753,16,0.12370203489018203,788.0013969130339
735.1308094805105,14,0.10955132109482872,1127.4837189854106
105.03390414689255,1,0.48010925541958976,50.427749513777144
535.0706858537229,13,0.37886487487342085,2635.3533497772805
152.16319544779884,18,0.2702257215801661,740.1313671808552
418.8710250025584,7,0.29027346818387467,851.1100160445898
651.8772907807676,15,0.2517673687493594,2461.8214537100234
125.73243258329249,17,0.09361884566035672,200.10572840877992
121.6702989372905,9,0.4563843290713934,499.7557597357008
258.1255949306674,4,0.40134902052325255,414.3938187896208
589.1536192986669,12,0.31643589332177324,2237.152221918355
899.4823563917691,8,0.3381060154198968,2432.963163680965
472.37390496852913,1,0.3356532622288968,158.55384219448968
896.0954591011732,18,0.08998925357080609,1451.5013068686608
481.63919947935085,19,0.2567295091712456,2349.3689103193424
190.49039555229922,5,0.49097365307867197,467.62882690356776
264.34604213905936,20,0.16218997481115022,857.4855583192258
860.5996693869657,1,0.2310261306388986,198.8210116475861
549.110012504981,10,0.4574997387151308,2512.17687246891
562.6807618619337,3,0.10989155554625302,185.50159259087596
571.2597779163941,20,0.49676130067711033,5675.595006045303
638.4000136114826,8,0.3538923744386694,1807.3991732691713
403.1003377345092,15,0.12376996557212108,748.3757238526587
282.6869725673423,15,0.41403197567156136,1755.621686230038
996.7329772183267,12,0.16734503905186301,2001.579827962567
239.0870538853181,12,0.18105539999646203,519.4560261021833
712.3626274967256,8,0.19732058664267227,1124.5104924797545
619.0820395968855,4,0.36920948782621155,914.28385104789
527.3713191722989,15,0.49564718296738497,3920.8516308831536
626.9273180692754,1,0.16373458972210325,102.64968720965135
649.0459898484504,5,0.251049253574843,814.712556435993
771.6169931632826,20,0.30793780998006803,4752.200940362128
659.2965045633757,1,0.3071534389526506,202.50518866610278
464.0343011958716,4,0.3262462011681355,605.5577119074541
857.032860510772,18,0.09140079162607548,1410.0026742044006
222.44766235556241,16,0.3732010878841512,1328.2833534141157
317.3551681787859,9,0.3488886845936738,996.4946445741066
522.5192232339944,16,0.19448356529503996,1625.9424235158735
515.7705812519541,20,0.2743977247739415,2830.5254800173907
873.4766067157199,2,0.39606131526821503,691.9005874236908
728.8685852445384,8,0.1557980489418218,908.4504281286801
909.8302517658437,11,0.25843113575627463,2586.413118401907
757.7329914382182,11,0.36357687585043347,3030.4361313150166
428.52681817680394,20,0.07855137144185208,673.2273853480227
565.3554688047049,6,0.3803555769485862,1290.2166331095116
285.27344860152465,20,0.38623755091353656,2203.666362570231
662.8029179662499,14,0.055359904337387966,513.6978858641447
618.84358179589,13,0.31816917365330216,2559.6603635284246
321.7320112883433,15,0.21094508166707293,1018.016780941968
597.3087881201336,14,0.24262465346516443,2028.9057282108263
378.4915712410487,15,0.10131153121191563,575.1834094985174
220.43615148382023,4,0.21645698704372002,190.8597807428031
453.24465846487254,1,0.44785942034919096,202.98989001644483
874.5203465242033,7,0.16224590371529085,993.2114075746008
226.30523310118906,12,0.1857982465305632,504.56538589069555
563.9915105700011,3,0.0560736793321564,94.87523732928221
926.2062519418615,3,0.1994475048253897,554.1885777104417
249.10908443679457,17,0.3773100014664983,1597.8529332408052
589.7057747236526,5,0.130594749907386,385.0623908448836
453.8326000839661,17,0.26860784257793363,2072.3509252015006
658.7151333171396,9,0.377140122256711,2235.8511532041452
649.4951521121443,10,0.23379576032071986,1518.4921291268038
160.6347461486555,4,0.23943297599072105,153.84502127154641
202.96368202773567,1,0.08744080617638762,17.747307981033202
680.9467914658329,10,0.14614133604232227,995.1447387854944
400.81173439135,7,0.44527223682520606,1249.2923626275874
878.751253750706,7,0.10462293357974245,643.5627383799286
778.8428879921265,11,0.39984421808695186,3425.5740811797477
330.9287303327686,4,0.37259520855805095,493.2098371847557
945.5053709840105,11,0.3624175604641328,3769.3452495353595
930.7688233693922,4,0.0649865909217396,241.94997106806235
151.66697254638046,1,0.24963902815137556,37.86199562913978
985.6468826559349,13,0.3107801809591506,3982.153715197244
686.6996656521695,12,0.34916196037016534,2877.2328173357832
996.1137183080211,16,0.17812709289531253,2838.957453365569
944.9360376389616,13,0.1558306503992385,1914.2499653024631
888.668607918224,20,0.4644582186828266,8254.988772660912
332.14008919466147,20,0.3798384215987812,2523.191344587572
263.2266573661794,15,0.31991593044500116,1263.156015138432
971.7992060554154,8,0.23952209435827576,1862.1390490408214
287.50666205834284,5,0.3665697731117047,526.9562593941515
366.38368986251453,7,0.30832571100762357,790.7585817491951
260.36565868491095,11,0.10344263869689041,296.2620183646324
199.8082628714391,3,0.16362449546154822,98.08057860416287
661.1589253374179,12,0.43653524657131043,3463.430093939908
668.9287838726293,17,0.15187245782185527,1727.061594746854
290.19478068758957,16,0.051362385396853116,238.4815386532999
848.8635050501366,20,0.1649238348663722,2799.9564906195724
744.1726561480723,9,0.28477491654396936,1907.2953544398415
345.89569487720655,17,0.4277173829896808,2515.0752238046907
209.1704910015469,13,0.3515922840642086,956.0554989708563
624.4302809494186,13,0.4363737981597864,3542.3051739904436
936.9809049870647,14,0.3083236303012463,4044.5069580798254
690.4763973298452,15,0.1694820810390644,1755.3506509172707
249.3081168426513,3,0.3315139833367602,247.94738067808126
145.2479342939109,19,0.41717188505891056,1151.2737364557684
681.3446141296564,2,0.4335311253164718,590.7681945838945
572.9461624254835,6,0.3920652385976285,1347.7936432496567
312.733043718272,1,0.05900092453571045,18.4515387122448
584.0101297862224,18,0.09908115049783779,1041.5591201089885
996.9497783774045,17,0.2534881662298142,4296.154509449835
500.67706094712844,13,0.4841390371466994,3151.1650327089674
872.4147760857154,11,0.13518517271331906,1297.312964010789
848.6411540540838,2,0.34771773352368174,590.1751573252153
759.1012519530092,19,0.24719283709547402,3565.243450146821
879.159408552199,8,0.3657335226239601,2572.304539502344
763.7465813252368,9,0.17854790431216838,1227.2881636908369
744.1193823409963,18,0.17935971112024424,2402.3706742018016
162.51519982167977,8,0.26193622403202665,340.5489423128087
685.8706345342471,5,0.36070334778409835,1236.9791701165336
135.19447799020807,13,0.36677413644921963,644.6158929283008
356.8036212338256,15,0.26872236828519397,1438.216711660304
474.9482534932584,20,0.17686595764798285,1680.0435537464411
825.099137108308,2,0.2392489132611677,394.8081437717798
716.069111628635,8,0.05887763386306039,337.28363980094156
607.8196901376848,15,0.42287216275453354,3855.4504039996978
521.0817269083266,14,0.3764710328463179,2746.4104629712892
725.2014194665047,8,0.1498529890188076,869.3888027819024
887.0642514523863,12,0.12427410335805379,1322.8693736427417
131.57296814810007,1,0.49596149066008993,65.25512541330424
924.2418665471198,1,0.13173845734424394,121.75819771188215
283.9524067741553,7,0.3201914200883053,636.4338705375624
554.4243562433658,10,0.4953226977515442,2746.1896783362713
785.6587641885361,10,0.30881249481272643,2426.2124304054537
344.37225453422684,14,0.08193825609698527,395.0416677861034
434.9562263261992,15,0.10955248568766539,714.7580363904283
158.2850324296963,2,0.1178248226633971,37.299811752598046
193.55267564347105,14,0.23774476372727515,644.2258919549453
915.9275679927484,3,0.31899276473149635,876.5228016234072
459.1937994943009,13,0.14191345635979288,847.1551299278854
782.0379147792228,9,0.4174163283250106,2937.918554982816
192.69796611347857,11,0.08508015759875755,180.3425065848428
537.5770092369673,10,0.2343314370118491,1259.7119307903065
785.4379261845835,10,0.4329280315783105,3400.380953100421
115.89420954616573,15,0.3857962598503398,670.6732887183342
424.58474507669473,18,0.2744879832085871,2097.7813867902123
761.9843220244646,10,0.33612358969531947,2561.209056104173
873.7585544664406,2,0.476090366871639,831.9760615063215
891.2466842735425,11,0.2974121438975081,2915.7434582247374
507.1607597351772,8,0.09253556623046989,375.4432645757593
905.9686221719805,14,0.11482452374180374,1456.3838179228212
413.1448621181093,18,0.21174169248332125,1574.6398622221834
624.3208400548989,19,0.10951543729118518,1299.0826263636343
529.8542803335183,6,0.41775492269544,1328.0954035234618
593.3622800967705,7,0.13881823199209797,576.5865185768359
553.9871032606852,9,0.3353514892178857,1672.0236007737608
609.4097452618103,5,0.27339248466803634,833.0402221902069
401.10864339225645,7,0.3967275395639812,1113.9159163359939
342.11325682648715,20,0.46799745733695924,3202.162686321242
611.9668926491948,16,0.14710778521337192,1440.4015072245181
707.6351848437704,16,0.14234784754082744,1611.6855265066604
340.92680404057785,19,0.49068499333830345,3178.4656648205005
354.5923476980129,14,0.13647282339890676,677.4910638439252
631.7830087603558,13,0.1812165680170308,1488.3641315273298
814.4680848753208,12,0.45868445761945487,4483.006221112712
550.8307881380326,2,0.09983178675212206,109.9808435557988
627.6282866800818,16,0.08885766516758367,892.3133463603668
485.02671959895144,19,0.24728785800021585,2278.883152687424
836.0479873805689,19,0.3573192471663982,5675.984711470338
354.0644007755399,12,0.33489530190616984,1422.8940527034185
111.9542911488553,14,0.05652269769352602,88.59141975739642
168.3831278639002,2,0.1035145114637239,34.860194439130765
647.6077649128191,2,0.10010662859374583,129.65965999310689
142.20863923585807,9,0.4088010570105111,523.215378320807
124.70404661851951,20,0.4818696003542711,1201.821782132528
947.3465947970047,11,0.12158437920371896,1267.0080238106602
992.2193585514091,10,0.4764967776687708,4727.8932709032115
890.0958174944919,10,0.1766869714182796,1572.683342651795
341.214697246922,14,0.05106917215323678,243.95772960884682
262.1856689531038,2,0.0636439921995055,33.37308533934694
574.5717489597091,3,0.12107077641369146,208.6915432557738
924.7040290654335,3,0.3701877810733765,1026.9423980080317
560.3789352509714,18,0.1860879845086696,1877.0361591954154
341.55738294836453,11,0.2343650907805715,880.5403976761467
517.8397928821394,2,0.39689142908962205,411.0523508729324
925.5039415823134,17,0.40410610589175366,6358.030494945061
792.2992586496431,6,0.337911249776949,1606.3609961259065
171.9374254360098,10,0.26111936510578854,448.9619136777473
681.4072019805827,7,0.0733705133981021,349.9663736973573
602.2570914672297,6,0.40969541443087426,1480.4518120955977
521.6583663577367,16,0.13709213507786933,1144.2441476034476
481.68544328358325,13,0.06554126993509078,410.4135836066915
957.9707760556712,18,0.07618424857856242,1313.6811072124246
716.3183283195838,1,0.4889541413067448,350.24681312578497
903.1058587498345,6,0.4742952735358451,2570.0330418454623
743.8122697524245,15,0.07812253948917577,871.6275512440087
715.5891217793107,18,0.21669201541342042,2791.124082113011
806.8991941491619,13,0.21220559305686004,2225.9707864098295
301.3178885298613,7,0.294493162536127,621.1524054530694
602.7950925304424,14,0.054767184382174434,462.18745968198493
484.2769414789901,15,0.34020923108391204,2471.3322883835385
489.5738097439899,9,0.3578629177329927,1576.8028080057718
989.261513378621,13,0.21152160551931665,2720.2523866480933
989.2828998420192,9,0.35155457759417985,3130.082387775958
245.69816458140187,8,0.2402375138589392,472.20732974992364
734.0806011773906,12,0.22217446876323127,1957.1276111517623
112.25378168573278,16,0.3596425407894072,645.9397641388218
975.0711901690566,17,0.4652358588470985,7711.847404121181
575.4513531654773,2,0.08216704982869633,94.566280019077
915.70088671782,6,0.08541492597838932,469.28714074408833
515.5291522973098,4,0.38049775741670694,784.6307453282494
953.6678631865901,13,0.32329768067108083,4008.141907884013
970.3947090429552,14,0.39893072895679776,5419.683761160561
280.7283962174512,10,0.40474569467751065,1136.2360974273572
447.9467755256444,13,0.2748135760641707,1600.3241184920166
462.57940008669533,18,0.3890231969626781,3239.1741072744708
473.8190739149482,18,0.17891782617218505,1525.9442166680471
577.2614249254603,13,0.10836313149144419,813.2001240237694
508.9341420171736,13,0.16318305773591738,1079.642583247384
137.22605290759608,15,0.13559818003268692,279.1140454100885
901.9638185548707,10,0.4886657819352516,4407.588546714213
115.23609001198336,20,0.13939295045112382,321.2619717044328
236.47569153208977,10,0.36408979537192016,860.9838614035189
119.56735641384194,14,0.15464442796404065,258.86595610107616
949.3499434986301,16,0.2937313534648456,4461.661501050036
795.51398492379,6,0.12740353338988375,608.1077552421453
475.16633265658214,12,0.23607768538236734,1346.1140158223268
314.9220042072463,17,0.28002095426842655,1499.1409223500555
953.5462328319006,5,0.08889547717378246,423.8297368742724
348.54077682828984,6,0.2540916788691572,531.3678668319624
297.92401209184504,19,0.4928188916676123,2789.6290473651566
658.0810734992903,8,0.21216984298315927,1116.9996642762665
434.95510607294227,20,0.3708209970368763,3225.809722004975
692.5060554756894,1,0.2491804858234169,172.5589953390904
275.1074232807041,18,0.46801521385222533,2317.5802717029615
781.5857875853549,12,0.1851097239103356,1736.1495522260068
547.841976026093,3,0.3189385720281369,524.1838125925048
873.7733006030999,17,0.2958709769312099,4394.910721119397
430.55272916268837,14,0.2563980147776768,1545.5001102019366
453.21601695636383,11,0.3268844866601434,1629.6421355382943
605.1841993521139,5,0.2996191058733923,906.6237434929258
258.3982048515033,12,0.2145201308327897,665.1794005404297
246.24582807775792,18,0.13927594899835863,617.3301850634953
577.9024274470875,16,0.36724914174612994,3395.7467278871677
638.1567335679731,4,0.06916193987809634,176.544630559322
316.19672260399,6,0.2378236108495399,451.1942778508274
736.5020818601813,9,0.4838024295123183,3206.8934689035245
911.4722924340215,10,0.19229967245895524,1752.7582329047539
326.99269153674516,15,0.48043244108674943,2356.468455187874
604.060553293479,1,0.10775148694772813,65.08842282383972
