load,efficiency,hours_per_day,estimated_panels
4304.693465746124,15.463135859283287,6.389648576254549,11.936440070551358
850.5330090480055,22.237719626089422,5.558284692156195,1.8852427141743056
3344.7412406490066,21.25625787613783,6.710042875213295,6.4247695594345675
4671.175850501423,21.594768275849162,7.871205116130937,7.529108826245009
2295.3059457230165,20.650867704213205,6.33665400951333,4.805619908019459
4630.142291553905,15.886231588159248,4.322781318220757,18.472144534581656
2800.8601564902774,14.626607472307924,3.765609143745202,13.932200463263083
1601.727664393685,20.610810414276273,7.95428057333093,2.6767008555110614
1372.0425818973154,16.30944560017167,4.440189803212512,5.190796366680213
1156.7037808664022,15.238505085052664,7.737751623253088,2.6876464688414052
4614.897785421539,20.923764702564746,5.590234138403062,10.809345447146724
1121.6296400094711,11.563716572330714,3.9207775947115007,6.777772176240238
575.1558645613608,19.923724145247874,5.572274654991946,1.4193504946068891
2127.141879544503,12.60558968691167,3.3218868873845753,13.91731915414135
4625.8065095481825,12.145309677120872,5.228129331828828,19.959041593765726
1570.7077985643803,19.063555362915178,6.380740842580542,3.5377531773926174
1975.4708291248137,23.42656996695088,4.018802062607914,5.748736922905107
1167.6510673185599,14.181425130339871,5.218472915342662,4.3227180142925565
4193.469038833338,17.593830753587724,3.4763658985244494,18.78428571962949
3217.9410579317105,20.65029284763187,4.06950899784059,10.491002549926002
4849.444939535545,14.153517686477015,6.671493786820137,14.070569978271754
3331.5219334391013,13.729892311258343,7.551146935791878,8.803791736747161
4764.482968181911,11.61955903956542,4.029088572320084,27.882162417466738
1712.5122741643602,24.685704655527147,3.0355585500143523,6.261187157348863
3874.949426372582,10.632794003570538,7.419787030886447,13.456568739534978
1708.985509456745,18.78795971705813,7.591215374801344,3.2828767811468764
2730.1736101268198,20.6446852014453,3.0192386533779705,12.000288640750815
1336.5659992991752,12.925825675558054,4.834274825759641,5.860138951820728
3183.2263817095854,19.379092641859273,6.06695348121753,7.417722072996348
3683.6204703140124,23.259918496657377,7.742849069797466,5.603676182757139
3634.583858643908,20.505498642354823,7.424564002634149,6.540644412268438
1138.078825215801,24.213161459030115,6.009920112007771,2.1426896977098284
2946.1944234382786,21.476626327053346,7.665549584339188,4.902969375379305
852.3625168583294,10.604427717949301,4.111023099280878,5.356663008016024
4813.52253093349,16.99238217586205,5.434840876905687,14.280027510314898
4938.689718987452,13.4889128608778,4.514320604644272,22.220280091194986
4649.541023104207,14.688834875728212,6.589814720479963,13.160023552645962
4742.898848343332,17.29598383102126,6.705039146278827,11.20480775907439
763.2305987864743,19.848100251252042,4.3577363234685995,2.4175920314910586
1737.510266719163,22.55944598889269,7.258601386308284,2.9070542576005796
4963.221289153893,19.89175033676681,6.934970695915554,9.857190380292298
2112.871232474061,19.61059982554137,7.5039304403449085,3.9336932312346495
4291.436619431663,15.15710147589207,7.761653520386556,9.994001911240476
2465.187573322077,23.77775926816804,5.226599087512352,5.434592576903637
3753.8222717668696,20.83837502257819,6.06214643738573,8.141240222530232
2529.831662224504,17.61884882433877,6.887986348983192,5.71122082227613
3480.553000453234,11.90920613906033,4.852518720549607,16.500813464972936
3062.7738555562173,10.80937651709488,5.38997501074866,14.4023934316875
3441.533847017969,11.621784560495403,6.093400580174065,13.314554223835763
2818.1012888043833,13.33275802302397,5.131495212890443,11.284954408674466
4082.65284059475,11.486594296534435,3.1661696792136294,30.75559405738133
3635.9932700079294,22.0073534041027,4.174313950346345,10.843694642142141
2403.608395702908,18.228775160076662,3.8019509007693553,9.501821239120051
1179.5773049853437,23.92117130147727,4.707116954229619,2.870093952380679
2615.7924979967825,15.540296741154627,3.3735660842335147,13.669791678718287
527.6727651914747,23.519234075774094,5.2776796647951905,1.1646773078585921
2733.9084398165846,21.44987866713909,4.207352055989895,8.299604693380976
4709.138311549766,15.930050045082343,7.828070706398169,10.346100717884676
796.3583314655041,18.4255512684917,4.905510572631206,2.4138537699541023
1382.7441637283719,21.16352681985126,4.681947401066158,3.823264958603002
4519.213963687972,12.819835433854946,5.396045657408262,17.89830783248369
1213.9550438462607,13.890921557420963,6.149301165154856,3.8936142011627224
4778.413694957051,11.512505833831646,3.0215201672427865,37.6353120575049
1473.7215684561636,12.134136109423562,6.761448781000787,4.921233259728742
2955.0865479079653,15.11539199811773,3.1838819965849825,16.822903848720646
827.0864687024372,14.289193945606574,7.108064691584077,2.230996806633059
1452.1901528686503,11.218255471086685,3.292049151779537,10.773057711728566
2596.946264482324,11.852966033021188,3.566720620534275,16.829606686235767
1514.6473816508628,19.38574920367801,6.925378433661134,3.0909542278126194
2914.1228730378716,20.33425107483496,5.245610483337716,7.484982253610098
1252.5007299217227,18.018308074385896,5.8853053225667304,3.235952340074824
4114.480711753583,16.427902400308167,3.7279545454790965,18.40642492803879
4317.233546179146,20.464400935034483,3.4241632355345955,16.879484637578745
2083.9841652067735,13.431419712085944,6.339485851320728,6.7054139402530915
4767.237103187826,22.31031067522318,7.496735856585583,7.8090114771298875
3173.5134791952664,18.014996377698026,7.838980935690078,6.156780853407234
3911.8397272732964,19.00679103999319,7.878193453717925,7.157358113363027
1212.2913292280068,12.9694541810595,5.268127091918092,4.861118316345654
590.0152593688335,16.813082163827865,4.396528736433851,2.1868204568210423
2445.525868946149,14.905592450863935,6.121453944519942,7.3430344849789
3823.989819447074,15.24808960834326,5.496729473744752,12.49982877782805
1179.5865195638364,17.78218664838694,7.045655269041739,2.5794694086765553
2164.961100811206,23.737501097031615,6.848984481097757,3.6483462863206952
749.3352190449639,23.661737594464086,4.815191292072108,1.8018685366971716
4039.7688639182466,17.245405870827227,7.216443034539741,8.893384014372472
1463.0129743394252,12.18275697508366,4.1829989639279415,7.865421033463425
1127.597916917341,24.448270208505576,3.1688858907690505,3.987554783741235
4562.739220351861,13.484772727777514,7.31737172656746,12.668757817474459
1029.5717346681802,18.221101673828553,6.767518862045735,2.287492297247335
3546.9774869193784,19.257209509982836,5.168730002248936,9.763114114625342
3205.752580382247,12.452627110817819,5.362733727405423,13.151943025022906
3730.445904529644,24.67936303720596,6.006797103246658,6.894312628182688
1744.0926369338836,12.120839820658023,5.010038763275277,7.8686981572235215
638.3531951024322,17.41830995300477,7.915816884418737,1.2684297468641312
1385.0832394713516,15.25824500637837,6.943668610636319,3.5817019186490544
2213.9605976129797,12.144575154485615,5.973604955570721,8.360999501431468
2390.8678543820906,15.303379255105707,4.545288425650778,9.417029267299007
3716.630427022098,13.910339430765148,7.535398589463066,9.71432337894379
2478.504895529423,20.006548522563463,4.933411007763332,6.8798258710043685
3068.0635248242706,18.92403320772582,6.2825390858868335,7.070051583018287
3421.0959500681297,19.212160352173054,7.687682736369671,6.346009757247053
1408.7375940675588,14.946888255998141,7.466877589895225,3.4581786134874926
639.6951126716889,19.067342590749632,3.242883672817318,2.834383611929179
1741.24308632347,15.231228523175593,4.19650765535204,7.463518037608213
2162.8193608371403,20.478219722200635,4.1387495753126835,6.991430365623517
1467.0364478556626,17.96757087770933,5.5234619128962255,4.049928061780616
2083.9156759801126,14.509027896217344,6.096964197982873,6.454094449793166
2070.0535743477176,13.77070678637025,4.066467221716389,10.127802271142356
3163.626418951315,17.415487517901035,6.8181947154218765,7.2994021828095335
2444.3001533117076,23.171304968362985,5.30643470065351,5.446385189034514
2195.790347946519,23.38299036952942,7.75967684480133,3.3155403774351804
2628.1457844489314,13.390172181191778,3.410000109112798,15.769431362637892
2427.8421569502398,10.861463642164157,4.660210717300616,13.141159201449994
4758.880951976277,11.56955953450042,3.9302593639847965,28.67305315874027
4906.461310446707,18.74825404817455,3.769317203423266,19.02181693386026
4845.588104233234,19.430054946171452,4.196911188801664,16.279828373135555
4562.510442295605,16.330158404985802,4.101052165022305,18.664884894557233
4872.8452369301895,11.977187437358992,7.9023083041597335,14.105254882174139
4081.5280203851207,23.1675987636147,7.05123335289608,6.8451632076920434
1769.201175265196,20.673161729595506,7.782372283550865,3.0127663383352847
4797.219300512436,15.513330372748927,3.324359024104763,25.4849476555531
4789.1150906809635,14.398232994273599,4.9362596549614794,18.46099974341767
4111.148020384375,19.911111637315003,4.14381842326807,13.651300444280315
4051.616463834658,18.642627647230363,3.245513964904307,18.34614641646143
2517.925306128036,16.37279130433906,5.708718381526959,7.380548404852212
4256.304847448459,10.11266504938314,4.0140136310657395,28.72733874087696
2676.265092237818,15.122847287106092,7.400471541920235,6.551538620097752
826.4479665754781,11.741506508578496,6.745179025678173,2.858942013858584
1366.3022160536188,23.479524881947224,4.002178209268757,3.9835308120199135
746.4218797400378,12.083984733059763,5.458319380538294,3.100433245895252
2029.9044644735616,23.513715830105852,3.1785520464299517,7.441014346715389
4592.593527534351,16.914297705842827,5.247089610313841,14.177272713171144
2631.6015285025287,14.767683024975796,7.80632368720907,6.254150792984088
1020.7972940473517,21.67881582078545,5.003184333519707,2.5784848616099634
790.9431319904161,24.205651805993032,6.84969209596553,1.3069668232222633
644.5823477383601,17.9759682050806,6.11752305306236,1.6058968181537805
1444.9612888940137,16.517900559378358,5.661105611579201,4.233574860342162
3936.1775880173295,23.456007826721738,7.152005260800164,6.428355656738703
1303.4441004550172,15.087316554645572,4.476408440553631,5.287590793403309
2800.0219777735224,18.83142594355786,6.256243879340076,6.511359877553435
2369.2054647173272,17.73903104629019,7.2470213871853115,5.049175014087811
3764.8518778949124,16.54695873208142,6.180909497786644,10.08519875215777
3679.9533207415957,12.299408145029513,3.145887018765889,26.056861860054635
2455.366231888551,23.218350724956593,6.00313705715567,4.826294159816274
640.9287550402931,19.935399682395477,4.694940804046205,1.8761252305298906
4325.059991192611,24.969166603375296,5.555189878838137,8.54272283853793
956.6206053414508,23.26742490527691,5.67690181947511,1.9842078458388508
3790.646030284236,15.082633869618357,5.350227291176541,12.869774769663529
1023.4030809305224,20.193820305522607,3.430020675161461,4.04798253791807
2801.130066011674,15.838240094309704,6.757584416243045,7.170377303660583
2138.898967238049,22.14988822773953,5.416281835660868,4.884550596025496
3816.1920646629615,12.6172297437383,4.392895234403903,18.863509826737914
4045.19876131071,13.335841222865827,3.061889560672483,27.14170106544836
4697.917210781123,24.2769931368836,5.134983034847391,10.324727211687042
4028.172116246201,12.658308935723499,5.761427889939279,15.132452976395303
4294.167632298437,13.516666051479431,7.372907748964341,11.805319506314984
1115.1812279401165,17.46848623515457,3.0465910828589085,5.740941840369317
1799.6643996620494,13.35832778811649,6.486199244037346,5.690576681791375
3619.1959923070663,24.235414914950496,4.998401618942724,8.185357081773994
4300.1763427008145,11.600869199771108,4.974734027449001,20.414230057144444
4461.682185376432,17.76368974070531,3.541866332296906,19.428551394797005
1805.9434282718094,20.878373976887147,6.3888303799192805,3.7093109950683947
823.6251164960497,20.548271895468112,5.361880853349186,2.0480674461982122
4910.486909372721,24.940216488926893,5.124407451701248,10.526592719539272
2604.8144623385897,10.271804237613491,6.919968803585423,10.03998489738411
2076.6032194613936,19.786552672639615,3.5790906383784784,8.033740997238342
3977.4793354940016,15.595489393517877,6.725697965951907,10.389118490330599
1411.7367913629332,13.07361310499399,5.718210722835328,5.1737457720460585
3102.257548015094,24.193677245824738,3.2108399577641036,10.941187075747784
784.1128093439912,11.347459526780039,7.980124387397957,2.372342454635093
4402.979644578314,21.734345967138225,7.551113110186372,7.350151006419892
4059.9628854407124,18.46865538971249,7.526070666704926,8.002499014945384
3094.6716558671264,14.693338110032395,4.515595856001104,12.778685291993165
3644.8378880287046,11.55211830988507,5.213843392992552,16.579282900499102
4806.259557366133,21.690708167034117,5.07810770017066,11.954700976554822
3020.4730233690375,17.489099327211026,7.716026483387875,6.132265405977642
2812.6682506013913,16.027434690455145,4.644333939713164,10.35233200174559
3948.58423540495,23.936082827851216,6.999063926287945,6.457367501056863
704.9736958701474,20.066325509532923,3.615809688337645,2.6619912971456596
2686.2481232840937,23.915402893251965,5.427639235836375,5.669758825431771
950.6618290718038,21.432663313838148,4.231520748891317,2.871842217886232
2073.864269073885,17.087633890175578,7.217738120883354,4.60685362557762
2428.0918084786676,20.06529581971366,6.639683656198203,4.993203707792454
4638.727401663193,15.33884859794774,6.4757728427676335,12.794449964697304
2991.2689113051238,23.69116495754384,4.031158675046467,8.581165596883793
1048.5682564412448,12.879640155601704,5.056509308918821,4.411124353329554
1257.3907649022044,23.368196370361783,4.507730644373691,3.270350126435687
2258.0836724651335,20.866562783198844,4.703864148807316,6.3029154185418035
2158.1951247095726,15.301818306221515,6.52279934519674,5.924078202450332
503.0610829421845,16.597573347123962,4.636566412795763,1.7909636672174893
1626.04328077263,14.342962598887679,6.739110632264431,4.608905300435728
3389.4772262820643,22.031459721638246,3.756966624812601,11.21913169452422
670.8391053064354,16.489168197266693,5.862637169604252,1.9012259851690487
2790.4583681451854,12.162641225506043,6.85255102035898,9.172812351534757
4948.402958514608,20.507761030947314,6.418303768351397,10.299915874090487
1121.145380506703,23.1699466635814,3.9563946920442596,3.350768490064969
3932.469339901351,16.606316409663616,5.351429581605891,12.123537419994175
4750.417272741911,15.556763053268686,5.773278796487057,14.490958993516063
3200.7283578940674,22.852210396048434,5.469448500037008,7.015913111999308
2501.7580329573307,14.454966791351737,4.2176424334334115,11.24256953154765
4473.37044251773,15.136899057777763,5.099972944199772,15.87585824561273
1303.0480114303257,23.441786964279295,4.564003325393374,3.336805451319624
2395.3880687389856,13.409013281032323,3.895654899006596,12.563357531131961
3931.671792388699,19.46956826965642,3.502769289980815,15.794887518988993
1857.7643724523223,12.371667152577754,4.7319096595399275,8.694269410449724
1657.4450136990326,14.913983434862027,6.375627403659852,4.775619094389724
2558.4321072531693,10.050265064440191,7.682331042852331,9.07842476113363
3648.597094530658,11.285173087523177,7.304073557941917,12.127176007880234
3545.826443267084,11.68187953991206,6.013011987010307,13.829924740912793
2764.8030026407387,18.61797572872272,7.96656255423971,5.1070239858359585
3116.9495979845096,18.94494347847213,6.100965463967621,7.388308730397638
3702.0163413514856,19.401900199283563,5.58773601981078,9.355463744267563
4943.1146601410455,20.89482166531067,3.350628445853662,19.343848400840997
2894.044543804662,15.39770557970813,3.08211210306597,16.707362851159544
2325.2889504730297,23.465501747457743,5.8341496714361885,4.653467145799182
4009.018500405078,10.45375139080106,6.879605226798398,15.272478083731082
1235.3742003515454,24.182729405322853,5.395808440076149,2.593843822836352
2715.908137347728,10.800292975288118,7.255781876961623,9.495163705353114
701.1243977805499,24.10072243184021,7.033899940393439,1.1331201655175773
4933.79545002969,23.13927668709148,3.771442527345701,15.489271867811569
4890.928532109541,12.080143202015305,6.238457625250713,17.780711700248357
569.6602524285123,11.321296045939764,6.374397373830092,2.1626576356437486
3530.6507487114136,13.810401086642411,7.6823338860196175,9.117219797210929
3772.5315572146906,23.050102122464743,7.213479425307845,6.216162593753332
2232.9776290761056,23.552107202536916,7.33474424882342,3.5414145150011533
3648.225791517955,19.704043339481384,6.494535530878852,7.8106179229505805
1333.6376253239628,19.810517799136754,5.537721440103241,3.3305659829509273
4164.636694078268,24.79568575232266,7.067218435491177,6.511178753760905
3215.7769007540287,12.538472445074465,7.588936919502082,9.259072273144259
4862.139556699393,18.87183121614877,6.361913363415274,11.095139356051439
1355.4072080431997,13.87411047691989,5.670702706137867,4.719922836115569
3549.6768816199815,12.341681070374385,4.098159560800864,19.227940730813014
3345.6573399695835,16.49446830771295,7.431247703691033,7.478052946145094
4569.171715139336,14.699376634912568,3.528578893096081,24.134920105480084
615.4493391820156,15.070953123840095,4.714857037129484,2.37295879784578
4819.597107310072,23.508631833585014,6.384863226208,8.797087619187264
2877.3646682391154,17.07820350010793,7.068051319057748,6.530706460528143
4436.037756065339,15.403283785948133,4.102301946025621,19.23363763267692
1506.322332337652,13.849883547593219,3.4597076034632988,8.612704216075871
680.2581089611289,14.705886476089734,7.87802556070244,1.6086896526384897
4973.605928164067,14.59681816951108,3.05081808041906,30.598772022696377
1593.5810228342334,20.230148757861663,5.319877809206098,4.056771545406244
3584.162002352816,10.54325826348315,7.147337774163142,13.030936099698911
530.4861889075672,21.78112390350593,3.1661066149197277,2.1075379154246883
3973.4206734320446,24.758433237928017,5.659149644909675,7.769576483825773
3327.1987939440783,23.4652188012802,7.66664382551163,5.067059335413225
4631.000732517025,13.506906347205714,6.689016840201204,14.04312647803491
4602.80058229295,18.25359473583788,7.218009141113861,9.571135464469457
819.6154156668985,15.04469568175941,6.089942867577841,2.450871987152918
4254.584000187002,13.44933583400528,4.856336019426621,17.84656635705682
2318.355563189184,14.599820809448143,7.874649682786216,5.524696327040927
575.3231917004352,22.426566163796785,4.3473344829253655,1.6167139244887476
4674.745078030625,12.116359869284992,7.7339954757739005,13.667497118525448
1738.2178005224846,21.621061957875597,5.886113264331893,3.7420164514081264
910.5615255724238,20.00120695907245,3.7059951892092413,3.3655448044329606
4143.688772038441,21.919558452462486,7.72984525589773,6.700260111196961
2044.1922129399777,13.482995931035274,4.744488562878021,8.75493765168671
1118.1384263705804,10.923719784000113,3.9471577137650518,7.104731630337088
928.2174512267591,23.479720045615522,6.539714857149568,1.6561708545886382
2477.5007965914374,14.102201729218617,7.826982359430238,6.149497941314845
3275.7813281757153,12.289730282646818,3.028362891580607,24.11413961712265
2635.261646406123,11.281658790112537,3.049976873443329,20.982699938855447
1366.736467957723,13.180274828101224,4.663956686182368,6.091341437281053
4428.53114313546,13.773392724194423,4.1806814366458145,21.070693599699517
2914.9434593488118,17.45164409722637,4.027016570262019,11.363641040688348
3637.812009484625,14.80014543128009,7.63499607711943,8.820081267533796
1287.579023100027,18.175650374966935,7.152872310214791,2.71337985196385
1567.3945512775272,11.870997568529562,7.66339623988169,4.720380098254203
2254.4042951827423,20.104047162785,7.099605803083585,4.327341887860739
1929.7037870921622,22.90449597509116,3.508823947309842,6.578327138003496
4969.057402796864,17.399137595792972,5.080856897796877,15.399849036671833
1808.7625278238986,11.60676446876327,3.402153598020631,12.549418404925053
2920.5849818018646,14.512688989838864,4.168821201164608,13.225613473336903
3348.425155733684,20.37362644978031,7.290136890628088,6.176517966698432
2788.578012121847,11.800232877067764,3.8499159411391783,16.816983913970706
1927.5448915969016,17.67218908030352,7.725528029342387,3.8680592226047996
2418.4347576396476,17.268025632735146,5.680268538139581,6.755071636903959
2297.566875474488,20.682470296196556,4.26784327943299,7.131229681370707
3524.539724197882,16.309923909330468,5.306792069457513,11.156437554402267
2537.2305036649714,21.58968268761034,7.363313444383231,4.372678147350509
1077.5871648055181,21.485909709245462,5.1421607715364654,2.6721457835438005
4161.381713339287,20.263422471028544,4.67889326782678,12.025101544023713
4405.128586569797,23.658253106465374,4.5604572551562566,11.1859960694985
1220.235938213676,11.435436345389697,4.445217836733199,6.576656483619999
3800.9255193291187,17.8099250103862,4.072252645872218,14.358189803712012
1930.3787748975003,18.22084173371146,7.273164583075645,3.990780285784549
3367.4794404526256,14.964542674477972,3.6650683279940868,16.821571416830817
4724.579329568247,21.789739264173264,4.406281475881673,13.48174197191495
1934.9555077930513,14.591495257365736,4.416108676107511,8.226944512076392
1010.1817936325949,21.216717993997488,6.3776505863336155,2.0453505263358465
4498.029010112006,20.957314438475194,4.604210900196268,12.771401242942469
965.2430130153216,15.103816793008722,3.342777133058545,5.237809155996964
645.0184223410444,15.800381421352117,4.806990368608323,2.326689507272489
2195.5913223715197,10.636030980181165,7.850513052380144,7.2041211484261005
1746.1069176213787,16.110805285434655,7.1862044913538945,4.132007948351477
3883.1660068358924,16.282964360519756,7.363684090140326,8.872877219163334
2036.3325145151643,16.658491881737902,5.919148290755077,5.657973765763099
4680.1219589222055,10.42269676522006,6.713230258952223,18.325366109618226
594.5533685717375,15.089377472242287,4.971237692890484,2.171511471080127
3219.9712237609647,16.580542942054866,4.321827110396368,12.31099029251226
3572.496192720671,15.77329502243984,5.440571611244209,11.40543759783359
4926.701216468835,18.56268602825947,3.816303551187756,19.053713470562943
3248.965920018551,21.919246918393114,7.289969572778089,5.570586813399576
4427.010178698893,23.527813036359852,4.254421408261724,12.117013459649085
829.1896752073869,11.472364407233336,4.925281266525366,4.020472086353645
3179.2492192382465,23.800051917678953,6.119775843384714,5.980235537210567
2327.2732274320324,24.751440847003387,5.526169174115782,4.661544641677528
3017.3896189933553,11.73400756553064,6.865698407035554,10.261419476070998
2464.17593804842,11.520986697131374,4.275592332603415,13.705436862973988
739.6175317882565,15.955381249946837,7.300449999927368,1.739632512493857
3232.878539166725,23.80403765182291,5.602497181944228,6.641470508734446
2204.3315126236466,20.949689183316423,3.5721747201237704,8.070004336783247
644.2837410450358,19.014635653474738,3.4550329795244403,2.686854209259265
3408.4095799575202,10.031848521441606,6.35380525923389,14.650216653083142
1484.7889298935513,22.79072592636367,5.083484049044024,3.5111730371145
3065.9212348747096,18.132791530522766,6.22625581569741,7.440061063423773
4818.313261058457,23.825178498053553,5.0412119120131305,10.990844179593457
1581.7021315479362,12.199003985293775,6.572668169226644,5.404627359527715
4899.748359418427,10.09489178576085,3.8950440994774804,34.140263191280425
4401.350500343668,21.643734857777783,4.497761195355533,12.38695306763874
4761.055389248764,16.922484395537417,5.788472967232465,13.316259130741004
1739.8127068831968,20.702396964934632,5.388485187665465,4.272895865222656
3212.661877874908,23.81075616083953,3.9737561700191524,9.302458743971593
3075.4687289918365,17.838653189726703,5.6414838514211745,8.372651978604448
3373.5420972042853,13.625432480061274,4.375304022809567,15.503677923468524
4045.949258222473,13.042702237854938,3.874328890090066,21.93630636037912
4885.422952284884,16.569485869454443,5.543153457202942,14.57281223306355
2896.6035771899806,10.978434619170635,6.571472966023249,11.00000931114081
2288.743598583885,17.421746463752577,4.459337152906256,8.0712775175427
1874.0800641584067,20.838758090572497,4.0005831024838665,6.158857375309095
3377.0128468340586,13.5355700543724,7.2059976664854855,9.485695521458865
2746.0100033242593,12.01256972226998,5.257323257467613,11.912657286362275
1293.0941628044993,15.545563580376434,3.249876562120581,7.012355897285085
4096.803540125602,10.1095736203803,6.958756092800138,15.954669779156049
3800.9715726534055,17.983671666140623,4.0640096810822754,14.248483977036406
4953.110454023884,13.067230709481647,7.643570979849748,13.586427842761166
3832.1408045519324,23.213985551672856,7.7080694660179265,5.867502236826952
2264.61235792966,24.61128180102895,4.700316779686943,5.363393322298577
4741.893113295732,17.472146685202574,7.323606508500476,10.152841979949343
2658.0612140995217,19.905155103693225,5.458489850207385,6.702457067354972
1131.4800820087794,17.28474734475872,4.465376034806501,4.016363168894843
4483.106682904423,22.08378597205243,7.386587848120321,7.529546376869151
1544.7592497205474,13.493798691416181,4.894888068759346,6.4075344206795695
3309.115143211545,16.560639634202957,7.586641391434237,7.215930664868455
2435.24736027278,10.965583994906293,5.175062343842408,11.75717181388833
1785.2147257301656,20.710970442572226,6.635356097777006,3.559040353899447
2222.7788983073688,14.517049627601097,6.306285429734951,6.651987366438588
3309.9064344635435,21.256728967836423,4.9535983405558515,8.612031871441598
3360.926186581202,22.37698261061883,6.96629356170255,5.90694345939993
2360.2716693785187,24.171448778488248,6.063357463050741,4.412180538232747
2371.9875479783263,10.460598575633512,4.737973615972577,13.112043035699475
3314.3923412595427,23.847913172606205,4.282910829013138,8.890406893266238
1070.881044746367,18.04005741894545,6.230166176394526,2.610422599731389
947.9228722701889,22.914244572773754,3.3473011722653077,3.385944258165842
3614.430793050486,24.565608934603823,5.215821328553643,7.728528436729142
765.3167502345468,16.116846180442458,5.323527936818791,2.443817417218338
4162.018188112388,15.574119582086869,3.744115289759526,19.555025703039064
3839.65424069612,21.99872112071232,5.75135740650757,8.314410498749753
1898.775342561586,12.600077330427919,7.947780887317202,5.194713770357145
1878.735708784848,10.336689478078906,3.247875779781749,15.331757625146466
934.3502228507757,16.74262568419192,3.4744515085006578,4.4005504718396695
1404.0475586625407,19.1936332210986,7.032077510322222,2.8500213523318556
1188.239520438297,17.511555535014487,6.08633279998479,3.054433728057402
1792.0032608282747,20.042370838381558,7.765342264973753,3.1545414273790384
1070.7734613954049,22.11473199664562,6.539596070222574,2.0284865367964304
3084.4660124495676,18.387636619041835,4.205739276907248,10.927450952426874
2318.1397392144418,16.438000772577592,4.585455356068016,8.425880229620235
2457.55428044414,22.169561559551852,4.444181693588034,6.833785517812891
2248.818458890194,10.774399302345332,5.204718775290505,10.986799472126563
4734.255538162687,12.157862186821355,3.4369874223882797,31.0401400706837
3714.8903667050367,13.48361971445936,5.364646179999548,14.070371291533084
3722.9638198431207,15.13145175693017,5.276858301488063,12.77438265992949
4515.723943300108,15.761543009959597,4.973843156343438,15.781333675576231
3847.7401970876144,16.468832997753452,5.749996278161888,11.132238104062509
619.9714879707947,16.953236821349215,3.2889129391369782,3.0463082486245687
3654.5647322142895,19.25383822611984,3.1769306338799947,16.368833963331358
1703.3856197892094,19.64579925905825,5.611368032169386,4.233325438649814
523.545689470649,15.570152680805542,6.826921013518993,1.3494101557396463
3532.5384717713955,19.53987234237116,6.989107195587457,7.086807110772172
1933.3148350165666,12.702778421617468,5.216772955797996,7.9929861527051855
3119.520260946023,11.61073735694847,7.9040864283063605,9.312868370910548
4434.8958620679305,13.787646978691424,3.646060412000648,24.169994221131336
2848.947252422262,12.46896534911484,6.6674960919836295,9.38854638184384
4623.286360965629,12.414517962757913,4.181708127238486,24.399130587333147
1775.6368797743673,11.342482093805815,3.983115425228184,10.767882257316993
3735.9064720627566,17.02758873810751,7.558327373761647,7.95287726060872
2522.7526874955156,21.15322591370768,4.908673418116799,6.65642536201436
4152.599872181248,16.48713449239119,4.824215287990727,14.303929485628085
1598.7678965987884,10.648845244161416,5.123221253531842,8.028731365036348
1570.514897356544,11.577213169993708,3.037083446564463,12.237379860257423
2080.2902177939422,17.430290855963264,5.15977862442275,6.337170023995486
4824.422283740843,21.360969074533767,4.247215572215672,14.568914493780376
4149.2933183208925,22.743964978315383,5.95304031909709,8.396074244904984
2161.5776805948253,18.365722646857396,7.445384299769673,4.330946733251858
1693.314951387784,24.964214273936697,3.440645696562283,5.40115976690191
3754.857536602467,20.10829266363431,3.73431757432619,13.699797682883545
4513.079657688322,24.960952234023587,6.395685065246358,7.745187131690819
2988.9878201594593,15.494161261148824,7.142269178666248,7.39991949920811
2892.082352128799,17.33757479760709,5.523294563145257,8.274299522886198
2751.0883872041363,16.070430425639845,6.481088222352272,7.236627813729914
2421.3094366949836,10.43495105571751,4.80705542935641,13.224762574831841
2194.8501733961307,15.692625689401906,7.9294816639198675,4.8324970767586795
3754.002304135266,18.373546924487506,6.3279500843537075,8.845973271680933
2984.1071439558405,18.23123542621878,6.347063101239726,7.0653329507437155
4903.355103293524,10.730913470058024,3.5635449084164774,35.13027525503512
4218.181137496165,22.266689576431588,4.815630912713896,10.777636020594507
3821.9423762696774,15.284874214213353,7.327536443346175,9.349134640488584
1280.8922659184814,16.40985309014714,6.159810830082122,3.4717438180230262
626.7594261563105,14.269929402808389,5.775059697813347,2.0836736863825474
3107.459460362305,22.942717533404988,7.045110270811821,5.267201753878808
4523.062037710078,17.988269959860652,6.30141727473732,10.932312669129304
3273.0272052166197,16.566143456854036,7.095836977813919,7.628369191646011
3852.328530766822,14.121799081964827,6.606927663235975,11.31203844643095
4808.564850827885,18.656959513236288,3.894689513838553,18.130463328318744
3206.184081910517,15.209923562115566,6.290017133664387,9.181565340099743
4346.754876072866,14.85384969134969,7.568787342205958,10.592706946632218
4538.744195639956,16.161942935344687,6.944299543257615,11.07951697280793
4488.1606664388055,14.576012896170885,5.1972828271609455,16.231566522261748
3997.4788699362925,13.693934904824271,3.433859306733107,23.29070078989466
3813.7862793204763,13.258834575075028,6.166786642566073,12.779068918937769
1253.5034606283316,18.853463036373935,5.6174200223997115,3.2426840927589256
1278.4835419950055,20.30024046584651,4.6882947743863665,3.6803251114195095
4420.558606023279,11.344836559761573,7.248907621871126,14.726972619168068
3993.2145274526774,15.48779453910889,7.686869705650222,9.189474555125305
860.3442089037171,24.731731670161707,3.705804060268231,2.5718308205825626
4240.607571833132,20.55715816945981,6.603360789877948,8.558686446693294
2905.7484331130086,20.45050763787077,7.912603555379761,4.919734296117392
3209.871896123871,24.86020495677785,6.772363538705516,5.22335890863759
915.6902054795133,11.659686358249914,5.62059634428207,3.8281279020887036
3672.9401802346774,19.0709554397274,5.652968441555865,9.334089878122029
1805.7460946809929,16.229279394038887,7.973146231825605,3.8232689833680635
4909.834544879167,11.01003579651608,4.1644985450845615,29.337462472505305
1826.7834511400506,16.33706586261379,3.3657066478220097,9.102147810476188
1202.2085445691812,16.122406903280368,6.833808747230782,2.9894703315074485
1994.0008384408031,24.064347479194595,7.86015391114334,2.8882004546667805
3531.8527952884997,13.083582502152158,5.538629489596309,13.353058104188097
2568.4885916467733,17.47073755969894,5.639337877240193,7.1424205949542525
3768.52437933926,11.097823851750924,3.6358739730629948,25.58773334309601
4065.069792427457,13.045434288277121,7.079381932551993,12.059276617453817
4921.821830147204,17.564109792224478,3.204838012183136,23.95525495828176
722.9945821743579,15.192904542570586,5.745724670497304,2.269115268276483
2249.5534265845863,19.925801096285763,4.039939383437798,7.65619185767932
1412.9266257103554,20.42456667984782,3.093346290223691,6.126964340185246
4733.760089883445,22.186044232678086,6.695153266737556,8.731180800242765
4005.7318409514837,20.570027892142214,4.423349393246567,12.061543365290314
3510.6142361029006,11.158917179938513,4.333831469777003,19.888231750620648
701.7405325642764,20.588961357263365,3.4562612755926065,2.7017346562238798
3832.887932180605,20.873187996605175,4.38790146009909,11.465357639379878
1526.0703056502225,15.517756390892417,5.9253682922684785,4.547130292587074
1107.8624942291826,17.398403772565924,6.995001385648764,2.4939961868268314
2112.858820282817,17.680000095882235,4.650983566613444,7.039641555076381
2354.2523073881907,22.569612072666732,3.4316691029178186,8.3278068000846
3337.033815153071,23.002249881820802,7.743257838367063,5.133028849794616
3844.61107298653,13.35787652721872,3.4252994100817853,23.020968121136008
1892.9618802316163,20.597227975377663,6.4555952083518635,3.900353206542909
838.6921827488463,22.845424887450775,5.533136699724068,1.8177706674095473
2360.8655678613077,13.902676781395728,6.533318794099346,7.121084144051096
1994.6302237826383,20.363430141601178,3.3324494379146383,8.052950455533027
1790.4943428403228,13.45510408264382,5.550547170715223,6.568364259364597
2775.528130938552,12.703134306802628,7.072997848707028,8.463273059042725
4218.399038862679,20.63040281450045,7.258002458175716,7.718447885660071
1707.660772999166,16.328215370324955,5.076630477872346,5.644096947584144
2659.090971538241,14.995015915157836,5.249950819655067,9.254184737847444
522.4116879838666,12.439721570603272,6.386722054914191,1.8014878776501364
2270.6556026086687,18.509369941960934,4.558715866579076,7.37266063615779
1966.0851175808498,24.7061481382636,7.467228721140214,2.919745220804741
4440.894841534793,21.957232084327728,7.905907448924543,7.00887487185053
610.9419263394528,15.022020000317863,5.887953788651761,1.8924060892074555
2820.264127155938,11.31416937444154,4.4298941005536765,15.416326469585218
1753.0177766105953,11.198840723972957,3.2298196977448326,13.278288759235206
4369.464866185846,18.875455262088188,7.065687614630696,8.976013957367966
2752.190352695103,19.41707045001031,5.920732766622259,6.558830956812773
609.4788080715994,22.288190026726486,5.826329553758365,1.2858665453247133
515.7121667773331,20.756675622552642,3.068453247237758,2.2183864512679685
3626.5808266433487,11.901059360684423,4.053121634850645,20.598198456840557
1974.9631079172,21.688784289240054,5.65369575591311,4.412639818726243
4705.5796691090045,18.670203990296336,3.8013649584708626,18.164842483278075
4185.678845433615,14.228922938388003,6.06678984867442,13.28440354978662
3483.481040040134,13.754779689539422,6.335640985887526,10.951570123436198
4165.057412738203,23.435714367653546,4.0151545836144695,12.126840382799708
1504.1773881639829,13.703981443767352,4.716622111643594,6.375706944746701
4559.4577971809995,18.785841499928022,6.486593761528463,10.251159288662686
1997.731364057825,12.035683649413867,4.455499341377964,10.206505541585438
4606.077683930013,11.029439958960799,6.7090454813308495,17.053919041379483
4561.6966810706,16.13298486984914,7.144386024140028,10.84311094298283
2728.8670124034343,13.690600094853554,7.185503681220809,7.599933740862815
4661.146411256844,17.345332019232984,6.20437610664217,11.866404440464585
2149.8963973672317,20.686962277062158,3.1305945069790546,9.094966968176807
4566.515420130453,22.98604980446267,5.7475674292859615,9.469861899369164
4043.444193657215,20.126618096127437,3.7242190281146583,14.77925588266283
950.205079811031,22.381260473695267,3.758301756510575,3.0949119282300432
3014.866924946211,18.11793524911907,6.7464891840533,6.757541961972913
4568.609247231846,22.34891426549448,5.610846584526752,9.981741679420223
4412.607920445958,21.929989443493128,7.6799983243047265,7.177991303766357
3744.234270173851,22.209532864042988,6.231686692346462,7.4118242894616735
1841.44907542243,21.53297481202793,7.335620873038774,3.193934008146186
2832.086859146407,13.76488874295611,4.717847461459699,11.948051994987352
4510.588434531034,10.215079819057529,4.929746078186776,24.539969741265207
3119.4052472115936,11.406144265066583,5.81796969318883,12.878598947643725
3220.2579274371874,13.037280583021772,4.965698660360071,13.627946502485106
3892.215511309987,10.18046469770599,6.822630136557791,15.352693652044938
2982.202619265016,24.916291093448812,7.921459558497733,4.139574256721944
1216.276375829031,18.21874901032249,3.0370203173129675,6.022449357947122
2130.019308578061,10.354617675972214,5.158428803402889,10.925445803751032
1460.4745821765719,13.165879751790213,7.4296636944564,4.090553701772523
965.892198898364,13.572044373878546,3.539062457916248,5.509374517037752
4671.623596663885,20.65545596729408,6.895221116161677,8.986529303990276
4845.6800561356495,13.221081334727247,6.126552981274863,16.389990459195744
846.4977643453074,14.754599929943339,3.948374174636319,3.9809544665826455
1534.2808688850976,23.659785806511344,3.7876712003409496,4.690605678098389
3741.2095461719455,19.197860506828295,3.886222820977966,13.738478546653731
4306.026333707374,24.84154856130617,5.3232010749204,8.921384977926083
3053.591860450348,17.15017212282235,6.890182808081374,7.079765894041474
2099.395830336942,19.906640382508304,3.6798519031937893,7.851870970429884
928.5977216371666,17.3623021381439,6.85075841599404,2.1388916590764295
3059.6897687721744,17.425792154860325,3.2367351981940855,14.862259141815988
1113.01796705856,18.254618888941224,3.13615678907719,5.326461270224378
947.357266155987,23.16622832540751,4.478081696009455,2.501920935549705
3273.7040647156596,20.43017536565135,6.062439902504565,7.241474609341418
4193.207298821111,13.286027439459579,4.088114398651853,21.151213221347003
4830.88203698828,23.025940308075114,4.943573417930157,11.627201678085212
4545.204995775133,22.99795085082245,3.531381596581524,15.332988854481174
3273.1930900002003,21.68439822215396,6.087534827772092,6.79344287833094
4285.710259177247,13.144713328476282,5.471821500911364,16.32476362272507
2116.0415799742145,11.269798907016408,4.620296041798262,11.13384991098249
1688.405272046537,19.209111734667356,4.357814730850087,5.5259606724253105
1571.2535492034733,14.462697917486455,5.729035932952773,5.1954425381654445
1179.357917898254,12.045570935819718,5.97313840849291,4.490790496466654
4391.809479725788,10.19424023223719,7.932799293612537,14.878847660359256
4383.6849688854945,15.990938261863548,7.023620388668768,10.693293679218526
4697.762407895696,13.168486905716104,5.072092029687095,19.269710173189807
3558.475308226763,15.759811344100072,6.85308265280654,9.026805983255404
1763.470245638193,10.290267285825323,7.911750209367025,5.9343895218383755
1625.3835693903889,10.267558203845287,5.687040343578341,7.626223313174062
986.2346844041965,11.639818696822799,3.3625368716977766,6.90357641673934
1511.0740006568135,10.197752909325676,5.090361316575132,7.9751667813379346
3167.119659093002,17.517210144291383,3.106039547467218,15.94775982617373
3100.4893846240752,13.75901228693792,4.713525919482308,13.097977083071786
3800.8129957426954,12.666983735431614,4.799229764803786,17.129271087540644
1709.4806101087524,20.111928675418113,3.3920161117729433,6.865302660102002
4460.046484778566,12.40767168390689,6.710355291983238,14.676101686993231
993.7305237176033,23.06890260773895,5.367330201118573,2.198824238922532
1310.0639160220294,18.35620042562555,4.904205166392652,3.9870180224320144
4933.226068048171,14.789037108250636,5.033912649752062,18.15484641944732
593.9928401288918,16.41114779148893,3.5555381467210023,2.788971309385653
4813.022861177873,11.38315065164678,3.8311019232178083,30.23701186091883
4136.086414966088,18.21896282846089,3.012220252594481,20.648398132620866
3253.721586233789,16.76635280438702,7.057723813832087,7.533282679780299
4823.283752186862,18.66718759073713,5.481320715511966,12.914745197302826
2824.6390498447163,24.659558324225376,5.674993694036895,5.529927243251734
1923.9698653431285,12.84026431601886,5.990518703312215,6.852783460522094
619.8319830202112,14.201485024654124,5.20795513661422,2.2960435583915735
4346.550517116487,23.960256083863428,5.65406518576301,8.790217081675884
3072.8783945459836,12.133575484205553,5.299811693236132,13.091917930087295
4817.535663147292,12.530633829898463,7.883695642050525,13.36069915695774
2431.2038931630577,18.07099572998118,7.930658694605659,4.647690234308058
2116.1037739085236,20.540137972224635,3.360081097171454,8.400226209599275
2645.666486978417,16.9582298544818,7.212196081089032,5.92644404877937
791.7709653771981,22.57199446827785,3.0526685029073426,3.1481623924758653
1617.0415519986514,22.282041221198327,3.3506516190524,5.933952522660417
1980.9124736418937,18.321561583399248,5.843889687670407,5.068832336968393
2974.349116499095,19.04678859968287,5.472031715670425,7.818594882480802
3385.373881498102,15.693142332420493,4.030808463840918,14.662624046408169
4693.669596428273,21.95543069497578,3.197369629124422,18.318286367340203
1905.8759685708342,13.954019972800706,7.0429960069934525,5.313063263157964
2558.5920748636095,13.975056348480095,5.203293615459452,9.639983375023128
515.450305063153,16.775853351007726,3.621480472898061,2.3244658371330633
851.0147372805807,21.645974755158626,5.324744887237264,2.022871350770174
3526.5526488739692,18.083916456503708,5.817949849673781,9.18322112888431
2321.3754614601357,22.183646428487414,5.698163645339084,5.031351657521918
1287.289828820975,24.898402040111257,4.256349000904199,3.3279344783947598
3675.2564949747434,13.99564027166776,5.111179733952646,14.076052074075115
4739.467397036682,14.198567739748734,4.004287019731528,22.838466442410844
2597.9406936577147,21.338445644772797,4.46638461543426,7.468226283280919
1865.5634324695272,13.246272386124637,3.2627261930556157,11.826135350161724
2882.3557278062895,18.375443935098566,7.752215319097099,5.543589291630884
1101.7904702897442,17.84324045394251,4.765744079636315,3.5497821577729045
3118.3990845598573,16.18967866349149,7.036279197275135,7.499935650754675
934.2705435484145,18.370849307038437,6.9172236300112395,2.014274898468822
1922.3961647185486,10.3441307817907,4.0277431685674525,12.64137324780938
1496.3807417167782,10.566408352366869,4.893136887411972,7.929293433198551
4273.772526425342,11.263150483598071,6.114751959585426,17.00120902544565
2393.1409460638206,17.659276706950735,6.073379497356082,6.113248956059839
597.6680701677338,22.35593618156156,3.2619300781289406,2.245430832128225
3700.1004619810647,22.247176818289027,5.619863768651198,8.108116065371966
3830.674137077669,17.464078930760323,7.708513168834317,7.795896072338907
1359.1236246411736,10.976132575710212,3.211556826987471,10.563337165084704
2443.0008359966178,15.934230035349103,7.890466341586846,5.323496795083403
3414.1326125118167,11.965782135189402,5.8208559353960805,13.429491838874199
1233.1476351459428,24.746281067977044,6.44549790475205,2.118145537189965
1575.9105227112004,21.694758473809294,7.07828360649885,2.8116153899649383
4498.446360183514,20.695705042444693,4.274458239325105,13.931836762057106
4884.543537599732,10.632543781982388,6.198878187301604,20.303964181160836
4188.480061012961,15.996181302395842,4.9322576329231556,14.544591109860704
4281.468497571266,13.308888597847417,7.369726903982489,11.959325982867423
3815.2104193810637,19.213173975539107,4.129797180938105,13.173397367135784
4308.850856170593,18.54155694825362,5.618534575762057,11.331811466815454
4279.504584169144,15.398503947660192,7.165136852417925,10.626680247501056
2478.3004939835228,21.697832076915912,5.121404385020052,6.110203662691345
4497.240169242068,23.906893591531905,6.2996308636227525,8.18116150288155
1139.910998400261,24.89295218265206,7.979388815265867,1.5722878087132306
2556.2867484190424,11.468881821954758,3.8855832710615053,15.715905396779927
2354.408428429003,18.523062335023873,5.076127988071605,6.860307575964264
3742.5391073130772,15.648523076060375,3.039033623557006,21.560787683767668
3362.05466083753,14.098913935186872,6.0353998472258095,10.824807913863385
1532.5815455603033,13.497939179510134,7.296597986210761,4.2632700319107295
2693.5614986230385,23.40975037730356,5.036430013487341,6.259136821668796
1548.806246152,19.72513356502934,5.067211521934366,4.245367010382934
3496.261967671281,21.82710251426218,7.428342137592801,5.907763685166107
4730.032958172717,20.16897881305308,6.872217255018329,9.349545770051215
3598.5125676766625,13.087471790802672,7.736818884600421,9.736704065575923
2202.6731121422513,23.28907852472587,4.368477640410827,5.931639705177897
4477.619230416902,23.334813735542067,4.91221824077086,10.702181269112682
3904.7568452336886,23.854802726573972,4.286361087301331,10.462525931802817
4901.224378701838,19.58494671169938,6.843949595458928,10.018034523034517
3294.455304130785,23.160245921435155,6.680179299723145,5.83390656880468
2444.5426717277005,18.554567732794574,5.189859599122551,6.955018797927867
3074.4333936440257,19.045055196087503,6.208457228534137,7.123711043732769
2518.753433876642,21.043331762692453,4.24943068137874,7.7169829318384355
2162.085522374362,23.176942672881054,4.580691717053069,5.579468026367883
1723.6201304933873,13.254340272973726,5.707683554658558,6.242099547180779
2138.0235520191636,14.723904785450486,4.12310466753501,9.648776804528922
2543.738197201982,10.49857978125474,6.235578290657463,10.6456518164833
3263.5449231304133,24.322342751824223,6.689615077789201,5.495284701161175
4399.415542171419,12.907509689206359,6.158982611597416,15.161797173886589
2926.506734341383,12.14087072716644,4.149209630081489,15.916275624978143
2571.6928188310953,18.558744232510424,5.849539319153667,6.490168564678356
4239.8455348702155,19.65118694371464,5.222490697997669,11.31854776749021
4137.339789968645,20.64816213679464,7.912855944816182,6.937670417748761
3259.5064503096314,10.424597169224752,5.722101998058093,14.970768805611925
1367.1325043861361,15.689595522137493,5.851356770370626,4.079899057232988
1611.4661402912866,23.458676315737407,4.721142739473317,3.9863707376849447
1030.2212705648592,15.775568143628064,5.299115580093474,3.3763638897489976
697.9334761926455,19.52777819873057,5.87428605927509,1.666914176400308
4667.8795931364475,20.175014905155276,7.161730290270427,8.851053274443831
1134.8011409705382,20.333890532576568,6.036083399660148,2.5330933010633063
1200.7483328559406,20.05362543159426,7.084571850438147,2.3155417714475672
1120.170993100339,15.443018108990483,6.203200918702984,3.203637947106154
965.7575196369128,13.640072477778034,7.603492175361572,2.5512055590476734
2730.185297338783,10.024804465641704,4.033874627188415,18.496985343828324
1813.682814836458,18.22754752027796,6.34635623902232,4.295520418070278
2009.9507487450269,24.538818036064626,6.125670816365778,3.6634077198771666
597.2563396891862,16.244785171366573,5.869766852927796,1.7160624170451588
1869.00769795904,23.23359250622058,6.266391000341648,3.5170971759550076
1140.9445504309099,20.205957464986195,6.420787177196463,2.4093725848022634
2988.5510014733686,12.84773504942772,7.948582660672537,8.017732091489826
3733.48971418658,24.431704327436748,5.207586418204664,8.039551936604076
670.0262640326243,20.414861943776433,3.0243349616059203,2.973189736629515
2327.6933836033604,11.344243795303607,3.8025675206877163,14.783607445858575
1095.6913553434101,20.51054132349065,7.255606829902636,2.017179320236633
3821.876536322321,19.640078072058564,4.18104934986299,12.751324129675048
4217.263627741027,13.570937950299896,5.73844833523543,14.83657120093144
4072.9907673066073,18.76632983962847,3.6395421093459275,16.337833558547
1912.6259947588162,20.009966176789188,5.396258724704998,4.85286344894348
3337.4561341997937,17.127055595688365,6.772216115699516,7.883320537340735
2289.1031151214524,24.030374871507714,6.450984325040272,4.045628121866981
3243.435162864289,11.651272704011554,7.881723350699532,9.676488881926797
2900.5579189565087,16.883550333250746,5.812988284819413,8.097024491783008
921.6155173125596,12.873322208086277,6.518414310834283,3.0090147299823222
2630.10479670821,15.502704701554785,3.3121512690827544,14.033388587324437
3040.1040746777308,17.540383059995527,4.926013947676033,9.639641356486583
1470.764340269177,24.920541820628078,5.977493690265513,2.705039556213076
679.5959217581383,20.985768074345426,4.039613466882008,2.196307877686903
2017.3228749787643,20.400848215227363,4.44241192471411,6.098394257093856
1742.175634960463,14.567438500640751,7.1722881695725675,4.568337144723556
2094.2887933275024,11.21360054995708,5.214708150709705,9.812250236055196
3771.074043255512,14.376645688133003,4.615626208606478,15.56983444765065
4665.31083482216,23.637579437659134,3.666861846372357,14.746541290985169
2208.5167975651775,23.4595527786813,4.879013387378306,5.286352315674503
4517.7723624951,14.115352837384439,4.854708946206804,18.062445240566966
540.9859812132484,15.498777140691473,5.383316902276869,1.7764204612253143
3473.0840980038593,18.46268410412881,5.938724115475995,8.678295731819642
1851.5689590581983,16.137980610189516,7.0413925123917345,4.464155186352189
4850.667219789122,21.28396433318449,7.212907027196342,8.656568294264085
1373.5392326117499,23.289185576497033,6.490486965241555,2.4895257387188505
2630.087866220844,22.367691014220526,5.962738305418476,5.402695475895849
4900.734143837307,13.425670183494892,3.09498741024218,32.312712624172214
4253.393577881223,15.200344534704879,4.84488645320103,15.823613680518841
3740.341141844122,10.971381535498402,7.485233539250061,12.478192375421495
1897.982057718497,11.925597262998247,3.7575323587923855,11.604231120927698
3442.601318986438,10.591352046067884,5.645612773439702,15.773620051965091
2424.1143430398974,17.232307383381112,3.368534447846854,11.441311530755838
1453.453356030826,14.91288358034101,4.066208968373228,6.566847232007743
1858.2231334499377,21.044118225109628,3.7494799061264117,6.452131861812443
1841.057309140306,10.593682059659915,6.149044515349554,7.743189205615013
3341.845565954379,23.651194417934583,7.305256237338168,5.299134955354696
1660.7953329365396,10.56092659142076,5.728412759235335,7.521196305071337
1177.3815863696277,17.24326577348179,5.887948247891647,3.1771730402701714
3739.7835963202583,16.93302663737812,7.398132809410096,8.178937564498469
775.2670314991985,14.354180617273315,6.606571314097446,2.239772548461831
3349.851474781757,21.162116585050313,6.997184035440588,6.197981678034369
4750.00961645141,17.839585090453433,5.880740821537339,12.404659154394475
2185.008689249783,21.452486768080323,4.339060401309817,6.431125215172124
3239.300064204351,11.742011597482636,5.616799832425716,13.45633724975918
4259.655610033766,10.570690269450562,6.884920684447683,16.03538289061207
807.3243244544924,22.14708161588831,6.2457325474068535,1.599025111984064
4218.17481527559,19.605583066466785,6.6082005538398265,8.92007964825593
2175.7590954754696,24.507290311349195,7.29530798626896,3.3341030328869645
2814.9779132097524,15.187026822105224,4.465058674456167,11.373187446242849
3658.8913753327074,24.014420511161596,6.249760836928315,6.679149162404161
2418.7970964704955,16.384650618189514,3.4941077637069142,11.575322345547336
4953.858393183654,11.535559781246693,7.156262909520621,16.440906592260244
4692.93010599809,19.237769886460846,7.447168731060709,8.97439751192833
2031.9255594415915,15.878105704414764,7.645660564924665,4.585653406966283
4819.192158223613,23.653007646730074,6.2941646895683405,8.86863751793353
2579.38626506004,12.721572994866888,3.021559079529913,18.384491155292817
3227.9812082197377,14.309933936874693,6.718466491147566,9.198782474112221
2228.599799203872,22.700573618242373,3.6936173448693914,7.281996907674718
889.458886572778,18.71022855597951,7.842663794523107,1.660696703674602
1924.797719655974,21.64629972020267,7.447411963512677,3.271170533243343
4489.2134945898015,10.413582016360238,5.8845306864401765,20.070834114548532
768.3300962857846,22.23721867370156,3.973556739219779,2.382292564536332
1887.7672609876583,22.11900982730053,5.609126393218789,4.168642746971797
2750.776845517027,13.059486590027872,3.0493574714293032,18.924658565209015
1814.5936359111693,13.028831619928612,7.877467036383855,4.843892016429631
2542.4624258785148,16.202139782278074,5.874172009920041,7.318846600684942
2272.0179274257785,14.257087203832446,6.553025246715119,6.662638380592889
3705.0556630833207,22.598736111266103,7.208225296533124,6.231453655293748
3275.7468370940123,21.071289512550344,4.739630570067309,8.986319588518374
1771.4941648058696,23.279791675020732,5.217567456714455,3.9957628005458696
4744.415027768509,21.37636544922479,7.193568117966785,8.453013886670224
1663.3316610814447,15.58139160301471,3.4450257726345934,8.489600851190593
1257.361383069015,15.2895305229242,7.050837242202048,3.1954528471868042
875.231659076384,10.578081327541058,5.4731223827371105,4.141790171208503
1555.6509580925242,13.551652177870405,5.458920973326522,5.7612967170328995
2241.2045296002066,22.242671001241334,4.14003919084541,6.66802526468928
4196.90028431052,10.423185113867016,7.838265872223989,14.073928648515647
3610.2876850807097,17.627895669004364,3.103103494848445,18.082239350341737
3647.6320299793088,21.06424940808711,7.935656935052936,5.97845938488352
2012.3571198894413,22.281711728610645,6.993642700379561,3.538019304175989
2537.095813417114,13.94134892002154,7.6233051751055365,6.540273376296734
3311.588358618219,14.795387437147399,7.153142068462665,8.572752584907699
4981.635410281831,20.727221000222876,4.276486810620031,15.397522959897897
4367.84817696491,21.211759625145238,3.399535817945046,16.59504183068678
1181.4213456825132,13.519733042214892,3.5937036881949713,6.661953044589377
528.6808941930411,22.83659254859232,7.019969069592594,0.9035126751616777
2024.0975115894416,19.58663845536168,6.9733758499560965,4.060089304161987
873.6244092364291,10.434023538671262,3.0798634965102574,7.448153436057416
887.402683452658,17.140293424221372,5.539372627251295,2.5606430358739707
3674.9664239706894,23.200550031502214,5.2041639262805015,8.338947929093042
1444.6288111285526,17.1632478593862,7.077048410489033,3.2584552940031877
4456.516368849247,14.342229868920477,4.488229633912273,18.967534988379086
1965.4590483330219,10.941892773588183,4.8239975833185635,10.201677701326279
605.5896943964508,17.341982493080963,6.413398495465868,1.4917589168234144
2737.1547643027866,17.894680245272234,3.078810735014743,13.611298392206196
4232.786708658476,24.082048120805766,3.826542745576637,12.58442947834412
3111.464240471548,18.53458345804882,3.8801016194215405,11.853484046140146
1385.1867077472932,20.747134820149064,6.203265900478447,2.9487430101410474
1378.9704474515124,12.324142781213823,7.530613639608369,4.070755391558332
1475.9943797077758,23.193251870844772,7.344141064430708,2.374046302011693
4830.256587128882,15.58536336906607,3.839486960085588,22.115013449589416
2338.206869548065,13.081826553234263,5.822598676613836,8.410170950407561
4560.354623138223,19.444405628120073,7.602217097909431,8.45222036251127
3680.374784806682,24.18316481567912,3.0473776973446127,13.682320573025898
979.6526317478584,12.99987496439767,6.343037014119585,3.2549387766946927
4279.553548161191,12.390935307266478,4.98084585976375,18.99758554887064
1632.5705438449581,20.347358503164582,3.175006610521524,6.923511549033994
3140.827292172969,23.367430580391684,7.761621811682206,4.744470522588419
4002.7079120126855,14.155983545472044,6.712359153173983,11.541062691662118
2137.8864154848497,11.78531897926024,7.933108685678429,6.26479720810072
754.2597196414322,24.66881670103391,3.551490164979657,2.358680499683473
2092.02970079779,15.12816894109293,3.073981638458584,12.32501188404265
1714.2150067078958,11.82439066631947,7.95761506741818,4.99126618013898
2169.5960115426274,14.734091594274528,6.622911336317982,6.091352088355364
4403.522740522881,24.973016197943686,6.484160775115602,7.450451732065958
3594.545367008499,19.41513982193999,4.006263541580922,12.661089168448147
2228.5665038004963,16.004482174138857,4.374076349848741,8.721772367082806
2326.7156810528577,16.57388950129822,7.382664865496234,5.20970172628575
3100.10507245998,22.69074847543179,5.63011911737677,6.648400050678112
1660.822196600309,11.190813217664214,6.992907343333105,5.8144796523915
1261.3075013804707,14.301037300327112,6.309643867516067,3.8296203965991187
2762.5885754171345,13.353340899938864,4.404368943913838,12.869145734637323
1765.379012638399,18.598693613235465,4.994585763559755,5.206707487963448
4628.508476683332,11.597020348213544,6.345106617272175,17.233078083956325
3994.22056392689,14.45199637691988,4.667471489572753,16.222943698651733
1824.9998275141038,10.006945392582317,3.1042903194463123,16.095560426235565
1987.6190433091954,16.721676586356658,6.14131013186279,5.302729034942565
1877.1629347993608,11.623427019970038,3.1771036616230126,13.92654951591873
2082.273349422483,14.230346546209638,4.020863335608196,9.970342735069735
3807.7532690288467,21.617306245092752,5.293283494767816,9.116942290650288
2420.4680046570284,24.035310119159774,4.310394735966369,6.400880334310785
3233.183675764032,13.640824900855842,4.166414603176226,15.585990026968377
3910.449623701571,23.767746145985953,5.79399556536986,7.779786381917578
3138.2987296546844,13.129604541477317,7.626293894036079,8.586896601677182
4067.373946565024,24.804904585670673,6.736160988946224,6.669161267471968
892.4451425884981,13.124144480765612,6.228116643149344,2.991306572496625
4362.223570046484,14.317647686434423,6.445944659438884,12.949613646379328
2805.1245249752124,11.700109244778242,5.117057869717388,12.83657124133993
1442.5665030644197,16.769675995010978,5.501210834811105,4.284104123265223
4583.652735017519,22.557222203030605,4.802108641729658,11.593144366156947
1142.770371364949,24.002917951180173,5.985213741043765,2.179327015503099
1348.69823471593,23.362089111349114,5.149475911700302,3.0714766460945118
3698.235491201609,15.268713814007238,4.988987910002615,13.301076494517616
3263.2966329649553,14.685069272863256,6.828021870718309,8.916466564019691
1999.871205473257,21.286922515187086,5.6981182061558595,4.5171532966578125
4856.31370757276,16.756170374255888,4.30903456871832,18.42719040208703
2566.3503542981903,23.297156922222513,4.340711448863355,6.952792029665014
1368.708655395928,17.599474509906813,6.735322664359343,3.1634432102867445
3008.556480817696,19.030310271132667,5.025475732317142,8.61870975074084
1521.4138850641093,15.604926880790572,3.313479665609152,8.061362731796258
4334.964408678023,16.330580637870924,6.164570537689325,11.797451996710121
2699.822599465811,15.11784563318546,5.680212904331735,8.613662342095427
1978.0078598128016,24.804148631945267,3.063546818480961,7.131588921406719
2764.3042800612425,16.505401838070988,7.889219742040446,5.816112880608882
620.7513555642046,16.150187534018414,7.97104205344941,1.3210891997728287
2073.5107279853164,23.62347862018538,5.34572677574284,4.498449147155136
1694.3076791286687,21.037831475867918,3.80066616750167,5.805487816468919
2381.470638331033,12.16392899734691,7.063736079017673,7.5935354726365905
2642.0881691767518,20.367649882018597,4.068213646690257,8.735942537800227
3890.119419466699,16.968631143078614,3.425630342969482,18.33507805118982
2575.9048526652264,10.869403238445067,6.263179860407207,10.366600647088465
806.1505454463997,14.007776974265724,3.101355876516889,5.083963985881218
958.6251397465383,19.240130722139106,5.651084097491458,2.415550719600416
4376.943850292138,12.98430899323511,4.753437583480328,19.429045850226796
2149.1360328851715,12.752553118265723,6.422007667329732,7.18957271209298
3130.13898182847,21.418156285196076,7.078243760679267,5.6567001549210625
4752.2450388521465,12.191809279453597,5.0245682323797,21.253920563359767
3388.60409274316,16.65990823735792,7.448070165667492,7.48189488289505
4643.721269666045,22.12993179198798,7.503505204686828,7.661768333714805
1275.8294797008339,22.91849881165084,6.660483670498541,2.2898542124204155
1875.3874308945692,23.291110973686287,6.959209512373161,3.169917944956473
2386.0864628351715,22.11922090331923,6.023270323265304,4.906718372369547
510.6161902798818,19.70464699187425,7.801593155474057,0.9100175314501348
4436.978597631565,18.005349114101808,7.8176431115418294,8.636088467721297
1659.9816641660223,13.96988795631681,5.665224421640529,5.746459959041569
4518.237133735064,12.942617697937525,7.634678832766682,12.527466806187752
1166.6595935212817,15.645443078773145,7.5984307787555805,2.68868245917011
3688.5568596225103,13.397764090951704,6.703408291595403,11.2521527572958
4031.7287324714257,21.000097075535535,7.1230580570784,7.384322452068908
4020.680638748629,23.939188686658674,7.848388223993079,5.8629583481547565
2294.7499022332354,22.461450998812193,4.62510824274441,6.051775187725519
1888.6425595590429,19.702930481122397,4.5789028400114695,5.735412444278728
1859.9005006599562,12.592563180446236,6.505779341312819,6.219899668703863
3410.753920070411,12.92785467051307,5.093225548501028,14.19182189778962
1718.123127231331,10.169316933584046,6.589115300552486,7.024938548433771
4856.599590434666,15.654255533848007,6.347208228165853,13.39134717836111
1288.7918994488937,18.205761672394146,6.3398013193565035,3.0591828236285936
2719.6863333640636,23.294088081576042,5.596000183237845,5.716135578510526
3399.410224355037,21.99473994532761,5.621287997452506,7.532793189062535
2669.219353750686,10.55561411865811,5.323877528666211,13.013072188688904
4214.453141929456,16.983137124990513,4.568665959470817,14.881305873042805
4986.884716235047,24.15238393548118,7.362598027193303,7.683257175460297
3799.099885925313,13.417288430717962,5.4827360588813185,14.149000194680921
1508.705332815011,10.78129994184394,6.874901286368333,5.576657415053762
2501.6739825105133,21.86203755178157,4.868016289778158,6.44013822391854
4028.432793057601,18.651258249245032,6.101519478577369,9.69833364273395
2997.216104535407,14.819835756845508,4.51829384166291,12.263299393715513
3584.4746299414687,19.98522660047665,3.862446541408992,12.722166880173832
4419.601434634433,24.842933989499024,5.592934267325292,8.714603673196383
2290.7365622858033,11.84335381057517,7.933307283361202,6.679643790759393
3332.656616972847,16.823182868338108,4.268791104688591,12.714071076092074
3355.315961801217,20.890042651207043,3.0639553348789352,14.362128288120257
1707.0361710782383,16.451471734296792,3.397386987579079,8.367584071209782
4787.599382263129,15.25409918441159,3.84601037679066,22.357740970219016
2878.5531870989225,13.307909734952268,3.8599175450297625,15.353009546737669
4041.356468064297,11.857452763828963,6.949262674477846,13.437057127272087
4901.643235968222,19.5190428700336,3.144564178623831,21.879120133843738
2737.8356216090883,15.044083847171866,6.139200880220926,8.1215124778518
3241.0466504787137,10.359858798513516,5.072877270977659,16.89601265210841
2968.0613793279313,20.505442244839685,6.3112136540912,6.283447496777393
4664.787632328968,20.39721632509358,4.586030958725043,13.66252999643925
4018.911262527539,18.85944673910841,7.60263477842337,7.679314895841438
4073.516469897912,15.983787792192995,5.614465967915709,12.436221636736855
1756.9584630770444,17.26480618032901,3.535963186750534,7.884954430546398
4815.105307024266,13.67509175315953,4.298261140627475,22.443463511198853
2970.6112885483817,13.687815544365701,6.963683485706992,8.53846485693923
1999.606884353021,15.368576013467575,3.248526564809847,10.973159875684209
4165.320953256119,20.17219591517592,5.16935398477427,10.943749825624922
3171.4798418890437,24.480743540253584,6.323208379463274,5.613154452790461
3178.6624770138405,15.768626679243827,5.471833035572649,10.093106184814701
3664.8498989257237,15.094884285251826,4.044160488177818,16.447699302136996
2569.469694623312,22.71098687350914,3.850571930544162,8.049879667721989
3746.9038935099857,15.602225709167879,4.4076979153668265,14.92730170837874
1639.0649902684072,10.427897252271189,4.298335384759584,10.018582232341178
4633.811449449043,15.726123386071098,5.906718547891394,13.667136678535034
4358.279784295736,17.088745876316278,4.731044023609163,14.769135043263274
1039.6710533741566,10.717249846355278,4.438297518135737,5.98829685361285
3588.9689264965036,14.394627458766923,3.499187836157942,19.52131854179764
4254.904269814826,20.571565053499437,7.8210519733078065,7.24543431535394
4134.415207829313,20.467901328829807,5.990740868194603,9.23777491030662
2207.3968728640657,12.435337069534818,3.9355171324125564,12.357430867252619
3715.0608282059134,22.42962352561191,5.845690531283091,7.762743928016039
2791.1006721887693,17.19105144634666,4.350956423337928,10.223402587163571
1602.1020953493044,23.580652960581503,7.509836988539405,2.47862592046918
2239.771382684822,17.542157355573227,6.094895742293253,5.739334585258781
1148.8993252336606,13.197736620842928,7.5192655351883495,3.171861613119106
1154.0636968951694,13.655966702565951,7.77037639189467,2.979699100660727
2819.211289676503,19.29829211307559,3.418258845315098,11.708760945855987
1587.3007099844335,23.740927899677953,6.43060859520459,2.8485023383301846
4101.319034510623,24.167374314532108,3.0070793018497977,15.461667839254266
1448.0025724840893,18.229279932482655,5.427306514708232,4.00979901849429
1616.8062868003256,23.829386094820478,4.927729824711869,3.7722926922422593
3128.0206443846373,13.452026503495052,6.809374244861674,9.355819363928006
613.1944350932013,18.11619196090251,6.637519006441418,1.3971165872989935
2888.9926849626413,16.3569217346733,6.79922868171212,7.116924421339424
2300.763815047354,24.26411982291889,7.850368603869873,3.3092119432011415
3483.7053756174496,18.957217283101453,5.672844519950903,8.875096535958084
1203.6271337775083,22.431988925537595,3.592444621742545,4.092052916521334
1337.1820135777289,19.525047103062434,4.326167955638345,4.337127559780653
1868.603141861628,19.90783933250164,7.563881190445082,3.3998157747710795
523.9122741859094,18.253745083339233,6.401340075364937,1.228408541347905
1519.0763012324148,20.84752448933434,6.872808094697877,2.9046781231090435
2979.753855619399,10.145829883819166,6.768844747991237,11.887359492119549
4662.249566307764,15.416957547840216,5.990400627025966,13.830825693697836
2866.676314583559,22.71369895891272,4.933798886561082,7.008361345376686
2495.5085196605314,22.888679851639473,3.2918944259527407,9.074016178420354
3231.144517208916,19.214100642332205,7.458706608943706,6.177033161490383
1026.0446206260103,17.30108717202829,7.2379275441229804,2.2448418889473842
3771.632320381872,19.805725681725015,4.974635601217761,10.48780130907393
1009.6335324582752,11.366981426297016,7.402935985696727,3.2871669165132213
3234.9836039675797,12.952186158919659,5.044151162229708,13.565882421888903
1810.257631056675,14.483671821936337,6.812425781983477,5.026515924260259
4694.281835131922,23.74197222069256,7.93346625797431,6.828047352311192
3885.6153337688315,24.583283301162552,4.033690605755617,10.73555423134695
3108.3133059055895,21.296697581490967,4.403210236335109,9.081346308223411
1238.3354601489004,24.13012011331629,7.2741095008817105,1.9328854935782134
1654.2951349430994,12.06528155514612,4.685048656409606,8.018046331359374
1861.198736222525,19.015172959818944,4.787324169541327,5.601531313577646
3133.398052278426,12.43248092788539,3.0192024049264523,22.870342801031992
3556.1125264798143,24.901922949806057,5.174082011501258,7.561647660327506
4825.349554514429,10.473518187627066,7.267358793861743,17.36867632408294
1621.75649912559,11.049218229429746,3.448712422425211,11.660153021721401
1997.6750918617167,16.03605823038108,3.991462115621829,8.550713475613728
1762.5347663617156,23.320066971142744,6.266143358083974,3.3045681139190246
4941.6230729771805,10.699180156282027,3.7825697318999865,33.45332642665073
2000.4246318947792,21.269154061914836,4.020288175625101,6.409467170923436
512.4303380436016,12.436382175500608,6.274568347584589,1.7991362558629491
4825.518520539125,19.786286670603936,7.316329201630426,9.132582135835797
1191.1934982326993,18.14602325364055,3.6051604676683207,4.988654035915007
2291.6630067043784,21.09336375277624,7.508850784059844,3.9640449777636566
3438.35769340961,23.261304122177307,7.475310298956421,5.417449926159073
1231.2350621215337,10.225987233025139,5.32598528334138,6.193596403375519
1392.8765692695788,18.914342424288208,3.4189032026888433,5.901218783400124
2118.3846524597275,16.55187901743717,6.059895605363336,5.7862808732834905
963.2141105881494,12.488037421080215,5.825825912797296,3.627256581139274
4438.400286504615,22.577664839836427,7.805953136265637,6.899675114964894
2174.693739175086,11.223970864765311,5.307323226366467,10.001915271285522
3270.0476838777736,16.437783766463482,6.0468177198539985,9.01345055990439
3172.87118877611,17.297985628857525,6.30464584993611,7.970826365403871
3495.9202864734925,24.861304638769873,4.7067530737950705,8.185087505658432
2328.3579826242417,15.107820757695453,5.892009014231011,7.166245181243308
1286.535774319847,24.878325184563288,7.144384392975805,1.9830928527265437
4166.499837218061,15.308311973925793,3.800225448593565,19.621935261543506
1134.0742693747595,13.823829908014403,3.706411597265035,6.0641034982464195
1760.5195462141687,12.639482875329271,4.6802367876451365,8.153627279158934
4164.122426281385,20.74376255482792,5.657364168582315,9.72140321720998
4159.127782191577,20.55036427013767,7.367419520471766,7.526177803512267
4916.4119323594505,23.96321718783797,4.878762657316289,11.521276107968704
935.0071563201925,11.769314114394302,6.89054790618642,3.158763855683048
615.6521456907318,24.246082744473195,5.006485499191376,1.389530191234739
2174.9513213409136,19.742966001406074,6.613419417957402,4.563711822943915
1564.6120557295767,13.945916647838668,6.3822886850971114,4.816042360897285
3612.2950629041725,17.35825885028998,4.59407112379017,12.410419966648814
4394.97277493597,20.453100535800203,6.733155778217132,8.743503921650703
3217.326542227385,17.055845870472236,7.288122436137335,7.091095832657756
964.9166529855031,16.547331726398436,6.203157972349133,2.575467789553085
4928.925047842033,23.46636431977136,7.157809846585431,8.039580421834431
2071.7922145245716,14.662114440252221,4.41234572562656,8.773789153053897
3007.332341790183,21.07183021803069,3.4223200065475825,11.42524931795724
2006.697302326606,12.04527010556756,6.538086404996223,6.981066957370124
520.3890537720282,11.584314009339161,7.8764006215686,1.5625616791800627
1228.0154296984042,10.386905288964336,7.838389269808319,4.132358200946745
3859.653745999491,12.900124561550085,3.156081264936746,25.97247876790382
3795.2814705084547,22.190959024655918,7.3361011498617525,6.387188648495561
1289.4251717379882,21.625893696100917,4.874176230156571,3.3514132966020918
1356.5489561377162,22.75395829855458,5.417629198956208,3.0149240220997195
3185.0726688984123,12.231312671954473,7.6864191547552005,9.281738935828772
3959.5776405976612,16.6782221765708,5.739030350537781,11.333595860661871
2332.966953694021,16.543105474976635,7.442170006387987,5.191574579465224
4311.486509509948,11.185090778755187,4.062019789328189,25.998759045100435
2800.74292239038,14.948959842857619,3.4780320204914195,14.758282913647529
2824.709016595533,22.789826900624483,5.711495839607258,5.945521589476283
3230.4921051145207,17.949095072119654,5.487692305831553,8.985526081063512
4579.4314623144855,10.344353321971903,6.495379146675297,18.672860234035003
3822.1555270530694,19.120355470583178,6.851092128056827,7.993918584284673
1125.3446447717422,24.024295700798042,3.06122682468237,4.192243588013769
1176.9217678727832,18.151270986930676,7.108206096460119,2.499123274329415
4373.431853099448,16.817252099288797,7.069206707711583,10.078682956214902
832.078456573164,13.719401545074838,5.4104897638528575,3.071140365663236
1785.7821990252266,14.945425003076625,5.184148698242566,6.314659035289344
4993.567725348028,18.6353077556985,7.515319045992411,9.768639622797426
2636.817345610089,17.918318336206763,7.313850041309913,5.512440094651602
2718.1626935914596,21.66616953448664,4.869080774587387,7.059167171214743
3030.2602773200565,17.671082789043595,6.622519111434802,7.094155219426526
3359.2636331248145,11.371911255461981,6.085253320131335,13.29961594800598
4343.837489575277,21.784477449520242,4.909186768024553,11.12817644043458
4254.805998252528,21.12749048445535,5.011498904075561,11.009595015149488
4812.600846644522,12.946772220072726,4.851687654096317,20.990976269602797
873.9515963976908,17.610657708976856,6.611118478628595,2.0565723820450104
4375.842918838751,12.812596617941757,5.037425403617557,18.574754300212483
3092.604027954276,13.877596224927732,7.003196163711767,8.71808128680815
1178.3390315330598,15.857428350133482,3.920570447335627,5.192725668094963
3639.839909656553,17.01363311033746,6.550931336085858,8.947244543198162
4054.1221347445935,21.043506821874765,5.305848708267368,9.947890274084031
2604.145135226618,17.939126544817753,7.81656847403208,5.08809123671674
2019.5615930737888,10.297198397470652,7.193939142960581,7.469274124248338
961.6435952745009,17.41853294257168,5.0682767320682025,2.984347456889191
4762.349565075966,17.845378474235794,3.797954383654229,19.25098246481032
4394.888325099717,23.82645006547817,5.335111173795985,9.472228472494187
3104.909884183009,20.952570868254735,6.153848967685912,6.5973873577111295
